Driver,DriverNumber,LapNumber,LapTimeSeconds,Sector1Seconds,Sector2Seconds,Sector3Seconds,Stint,Compound,TyreLife,FreshTyre,PitInTime,PitOutTime,TrackStatus,Position,Deleted
VER,1,1.0,97.284,,41.266,23.616,1.0,SOFT,4.0,False,,,12,1.0,False
VER,1,2.0,96.296,30.916,41.661,23.719,1.0,SOFT,5.0,False,,,1,1.0,False
VER,1,3.0,96.753,30.999,41.966,23.788,1.0,SOFT,6.0,False,,,1,1.0,False
VER,1,4.0,96.647,30.931,41.892,23.824,1.0,SOFT,7.0,False,,,1,1.0,False
VER,1,5.0,97.173,31.255,42.056,23.862,1.0,SOFT,8.0,False,,,1,1.0,False
VER,1,6.0,97.092,31.041,42.187,23.864,1.0,SOFT,9.0,False,,,1,1.0,False
VER,1,7.0,97.038,31.015,42.118,23.905,1.0,SOFT,10.0,False,,,1,1.0,False
VER,1,8.0,97.024,31.041,42.077,23.906,1.0,SOFT,11.0,False,,,1,1.0,False
VER,1,9.0,97.229,31.1,42.166,23.963,1.0,SOFT,12.0,False,,,1,1.0,False
VER,1,10.0,96.96,30.986,42.009,23.965,1.0,SOFT,13.0,False,,,12,1.0,False
VER,1,11.0,97.085,30.974,42.142,23.969,1.0,SOFT,14.0,False,,,21,1.0,False
VER,1,12.0,97.045,30.966,42.091,23.988,1.0,SOFT,15.0,False,,,1,1.0,False
VER,1,13.0,97.03,30.964,42.055,24.011,1.0,SOFT,16.0,False,,,1,1.0,False
VER,1,14.0,97.028,30.938,42.042,24.048,1.0,SOFT,17.0,False,,,1,1.0,False
VER,1,15.0,97.011,30.887,42.058,24.066,1.0,SOFT,18.0,False,,,1,1.0,False
VER,1,16.0,97.168,31.048,42.032,24.088,1.0,SOFT,19.0,False,,,1,1.0,False
VER,1,17.0,99.896,31.006,42.06,26.83,1.0,SOFT,20.0,False,5250.291,,1,1.0,False
VER,1,18.0,117.854,52.815,41.511,23.528,2.0,HARD,1.0,True,,5275.379,1,1.0,False
VER,1,19.0,95.283,30.628,41.162,23.493,2.0,HARD,2.0,True,,,1,1.0,False
VER,1,20.0,95.16,30.585,41.1,23.475,2.0,HARD,3.0,True,,,1,1.0,False
VER,1,21.0,95.316,30.576,41.24,23.5,2.0,HARD,4.0,True,,,1,1.0,False
VER,1,22.0,95.204,30.56,41.142,23.502,2.0,HARD,5.0,True,,,1,1.0,False
VER,1,23.0,95.216,30.553,41.145,23.518,2.0,HARD,6.0,True,,,1,1.0,False
VER,1,24.0,95.289,30.548,41.257,23.484,2.0,HARD,7.0,True,,,1,1.0,False
VER,1,25.0,95.342,30.518,41.282,23.542,2.0,HARD,8.0,True,,,1,1.0,False
VER,1,26.0,95.223,30.522,41.14,23.561,2.0,HARD,9.0,True,,,1,1.0,False
VER,1,27.0,95.581,30.649,41.338,23.594,2.0,HARD,10.0,True,,,1,1.0,False
VER,1,28.0,95.477,30.588,41.272,23.617,2.0,HARD,11.0,True,,,1,1.0,False
VER,1,29.0,95.793,30.679,41.485,23.629,2.0,HARD,12.0,True,,,1,1.0,False
VER,1,30.0,95.771,30.657,41.47,23.644,2.0,HARD,13.0,True,,,1,1.0,False
VER,1,31.0,95.679,30.635,41.435,23.609,2.0,HARD,14.0,True,,,1,1.0,False
VER,1,32.0,95.886,30.669,41.519,23.698,2.0,HARD,15.0,True,,,1,1.0,False
VER,1,33.0,95.863,30.69,41.459,23.714,2.0,HARD,16.0,True,,,1,1.0,False
VER,1,34.0,96.133,30.685,41.661,23.787,2.0,HARD,17.0,True,,,1,1.0,False
VER,1,35.0,96.018,30.727,41.557,23.734,2.0,HARD,18.0,True,,,1,1.0,False
VER,1,36.0,96.205,30.794,41.561,23.85,2.0,HARD,19.0,True,,,1,1.0,False
VER,1,37.0,99.234,30.877,41.634,26.723,2.0,HARD,20.0,True,7187.796,,1,1.0,False
VER,1,38.0,116.445,51.526,41.562,23.357,3.0,SOFT,1.0,True,,7212.014,1,1.0,False
VER,1,39.0,92.608,29.741,39.916,22.951,3.0,SOFT,2.0,True,,,1,1.0,False
VER,1,40.0,96.589,31.014,42.023,23.552,3.0,SOFT,3.0,True,,,1,1.0,False
VER,1,41.0,95.29,30.697,41.281,23.312,3.0,SOFT,4.0,True,,,1,1.0,False
VER,1,42.0,94.667,30.477,40.996,23.194,3.0,SOFT,5.0,True,,,1,1.0,False
VER,1,43.0,94.151,30.132,40.772,23.247,3.0,SOFT,6.0,True,,,1,1.0,False
VER,1,44.0,94.531,30.348,40.805,23.378,3.0,SOFT,7.0,True,,,1,1.0,False
VER,1,45.0,94.249,30.18,40.825,23.244,3.0,SOFT,8.0,True,,,1,1.0,False
VER,1,46.0,94.193,30.301,40.682,23.21,3.0,SOFT,9.0,True,,,1,1.0,True
VER,1,47.0,94.239,30.267,40.704,23.268,3.0,SOFT,10.0,True,,,1,1.0,False
VER,1,48.0,94.35,30.245,40.738,23.367,3.0,SOFT,11.0,True,,,1,1.0,False
VER,1,49.0,94.403,30.246,40.804,23.353,3.0,SOFT,12.0,True,,,1,1.0,False
VER,1,50.0,94.783,30.229,40.928,23.626,3.0,SOFT,13.0,True,,,1,1.0,False
VER,1,51.0,94.34,30.003,40.834,23.503,3.0,SOFT,14.0,True,,,1,1.0,False
VER,1,52.0,94.906,30.333,40.919,23.654,3.0,SOFT,15.0,True,,,1,1.0,False
VER,1,53.0,95.6,30.528,41.382,23.69,3.0,SOFT,16.0,True,,,1,1.0,False
VER,1,54.0,95.334,30.427,41.227,23.68,3.0,SOFT,17.0,True,,,1,1.0,False
VER,1,55.0,95.184,30.493,41.22,23.471,3.0,SOFT,18.0,True,,,1,1.0,False
VER,1,56.0,94.671,30.256,40.87,23.545,3.0,SOFT,19.0,True,,,1,1.0,False
VER,1,57.0,94.923,30.384,40.91,23.629,3.0,SOFT,20.0,True,,,1,1.0,False
PER,11,1.0,100.053,,42.61,23.856,1.0,SOFT,4.0,False,,,12,4.0,False
PER,11,2.0,96.541,30.678,41.867,23.996,1.0,SOFT,5.0,False,,,1,4.0,False
PER,11,3.0,97.297,30.596,42.478,24.223,1.0,SOFT,6.0,False,,,1,4.0,False
PER,11,4.0,97.722,30.716,42.623,24.383,1.0,SOFT,7.0,False,,,1,4.0,False
PER,11,5.0,98.044,30.997,42.754,24.293,1.0,SOFT,8.0,False,,,1,4.0,False
PER,11,6.0,97.823,30.843,42.702,24.278,1.0,SOFT,9.0,False,,,1,4.0,False
PER,11,7.0,97.821,31.013,42.682,24.126,1.0,SOFT,10.0,False,,,1,3.0,False
PER,11,8.0,97.838,31.305,42.428,24.105,1.0,SOFT,11.0,False,,,1,3.0,False
PER,11,9.0,97.596,31.145,42.395,24.056,1.0,SOFT,12.0,False,,,1,3.0,False
PER,11,10.0,97.63,31.178,42.322,24.13,1.0,SOFT,13.0,False,,,12,3.0,False
PER,11,11.0,97.836,31.054,42.473,24.309,1.0,SOFT,14.0,False,,,1,2.0,False
PER,11,12.0,100.277,30.891,42.506,26.88,1.0,SOFT,15.0,False,4774.991,,1,3.0,False
PER,11,13.0,117.624,51.896,41.803,23.925,2.0,HARD,1.0,True,,4799.484,1,8.0,False
PER,11,14.0,95.606,30.063,41.855,23.688,2.0,HARD,2.0,True,,,1,6.0,False
PER,11,15.0,96.815,30.785,41.795,24.235,2.0,HARD,3.0,True,,,1,3.0,False
PER,11,16.0,95.783,30.569,41.558,23.656,2.0,HARD,4.0,True,,,1,2.0,False
PER,11,17.0,96.454,30.922,41.823,23.709,2.0,HARD,5.0,True,,,1,2.0,False
PER,11,18.0,96.311,30.803,41.835,23.673,2.0,HARD,6.0,True,,,1,2.0,False
PER,11,19.0,96.038,30.702,41.633,23.703,2.0,HARD,7.0,True,,,1,2.0,False
PER,11,20.0,96.278,30.918,41.686,23.674,2.0,HARD,8.0,True,,,1,2.0,False
PER,11,21.0,96.165,30.849,41.61,23.706,2.0,HARD,9.0,True,,,1,2.0,False
PER,11,22.0,96.037,30.824,41.536,23.677,2.0,HARD,10.0,True,,,1,2.0,False
PER,11,23.0,96.249,30.84,41.729,23.68,2.0,HARD,11.0,True,,,1,2.0,False
PER,11,24.0,96.211,30.792,41.687,23.732,2.0,HARD,12.0,True,,,1,2.0,False
PER,11,25.0,96.344,30.878,41.719,23.747,2.0,HARD,13.0,True,,,1,2.0,False
PER,11,26.0,96.347,30.938,41.666,23.743,2.0,HARD,14.0,True,,,1,2.0,False
PER,11,27.0,96.233,30.853,41.543,23.837,2.0,HARD,15.0,True,,,1,2.0,False
PER,11,28.0,96.226,30.929,41.588,23.709,2.0,HARD,16.0,True,,,1,2.0,False
PER,11,29.0,96.437,30.926,41.749,23.762,2.0,HARD,17.0,True,,,1,2.0,False
PER,11,30.0,96.313,30.916,41.643,23.754,2.0,HARD,18.0,True,,,1,2.0,False
PER,11,31.0,96.339,30.843,41.752,23.744,2.0,HARD,19.0,True,,,1,2.0,False
PER,11,32.0,96.276,30.856,41.671,23.749,2.0,HARD,20.0,True,,,1,2.0,False
PER,11,33.0,96.564,30.907,41.752,23.905,2.0,HARD,21.0,True,,,1,2.0,False
PER,11,34.0,96.378,30.84,41.734,23.804,2.0,HARD,22.0,True,,,1,2.0,False
PER,11,35.0,96.776,30.938,41.91,23.928,2.0,HARD,23.0,True,,,1,2.0,False
PER,11,36.0,99.365,31.014,41.781,26.57,2.0,HARD,24.0,True,7110.216,,1,2.0,False
PER,11,37.0,115.808,51.096,41.214,23.498,3.0,SOFT,1.0,True,,7134.639,1,2.0,False
PER,11,38.0,94.804,30.581,40.931,23.292,3.0,SOFT,2.0,True,,,1,2.0,False
PER,11,39.0,94.607,30.563,40.893,23.151,3.0,SOFT,3.0,True,,,1,2.0,False
PER,11,40.0,94.364,30.4,40.772,23.192,3.0,SOFT,4.0,True,,,1,2.0,False
PER,11,41.0,94.4,30.351,40.884,23.165,3.0,SOFT,5.0,True,,,1,2.0,False
PER,11,42.0,94.525,30.299,40.985,23.241,3.0,SOFT,6.0,True,,,1,2.0,False
PER,11,43.0,94.797,30.403,41.148,23.246,3.0,SOFT,7.0,True,,,1,2.0,False
PER,11,44.0,94.799,30.389,41.028,23.382,3.0,SOFT,8.0,True,,,1,2.0,False
PER,11,45.0,94.592,30.338,40.986,23.268,3.0,SOFT,9.0,True,,,1,2.0,False
PER,11,46.0,94.844,30.41,41.109,23.325,3.0,SOFT,10.0,True,,,1,2.0,False
PER,11,47.0,94.73,30.281,41.074,23.375,3.0,SOFT,11.0,True,,,1,2.0,False
PER,11,48.0,94.885,30.358,41.147,23.38,3.0,SOFT,12.0,True,,,1,2.0,False
PER,11,49.0,94.966,30.4,41.133,23.433,3.0,SOFT,13.0,True,,,1,2.0,False
PER,11,50.0,95.082,30.366,41.337,23.379,3.0,SOFT,14.0,True,,,1,2.0,False
PER,11,51.0,94.94,30.36,41.144,23.436,3.0,SOFT,15.0,True,,,1,2.0,False
PER,11,52.0,95.183,30.577,41.129,23.477,3.0,SOFT,16.0,True,,,1,2.0,False
PER,11,53.0,95.842,30.638,41.522,23.682,3.0,SOFT,17.0,True,,,1,2.0,False
PER,11,54.0,95.459,30.578,41.382,23.499,3.0,SOFT,18.0,True,,,1,2.0,False
PER,11,55.0,95.611,30.683,41.42,23.508,3.0,SOFT,19.0,True,,,1,2.0,False
PER,11,56.0,95.568,30.539,41.406,23.623,3.0,SOFT,20.0,True,,,1,2.0,False
PER,11,57.0,95.746,30.521,41.6,23.625,3.0,SOFT,21.0,True,,,1,2.0,False
SAI,55,1.0,100.62,,42.861,23.765,1.0,SOFT,4.0,False,,,12,5.0,False
SAI,55,2.0,97.236,30.974,42.366,23.896,1.0,SOFT,5.0,False,,,1,5.0,False
SAI,55,3.0,97.08,31.049,42.179,23.852,1.0,SOFT,6.0,False,,,1,5.0,False
SAI,55,4.0,97.264,30.957,42.373,23.934,1.0,SOFT,7.0,False,,,1,5.0,False
SAI,55,5.0,98.032,30.967,42.821,24.244,1.0,SOFT,8.0,False,,,1,5.0,False
SAI,55,6.0,97.741,30.879,42.803,24.059,1.0,SOFT,9.0,False,,,1,5.0,False
SAI,55,7.0,98.26,30.847,43.148,24.265,1.0,SOFT,10.0,False,,,1,5.0,False
SAI,55,8.0,98.183,31.341,42.701,24.141,1.0,SOFT,11.0,False,,,1,5.0,False
SAI,55,9.0,98.03,30.99,42.868,24.172,1.0,SOFT,12.0,False,,,1,5.0,False
SAI,55,10.0,97.608,30.819,42.638,24.151,1.0,SOFT,13.0,False,,,12,5.0,False
SAI,55,11.0,97.656,31.266,42.386,24.004,1.0,SOFT,14.0,False,,,1,3.0,False
SAI,55,12.0,97.65,31.089,42.46,24.101,1.0,SOFT,15.0,False,,,1,2.0,False
SAI,55,13.0,97.243,31.025,42.212,24.006,1.0,SOFT,16.0,False,,,1,2.0,False
SAI,55,14.0,99.753,31.011,42.119,26.623,1.0,SOFT,17.0,False,4970.807,,1,2.0,False
SAI,55,15.0,117.225,51.656,42.013,23.556,2.0,HARD,1.0,True,,4995.387,1,7.0,False
SAI,55,16.0,96.376,30.412,42.131,23.833,2.0,HARD,2.0,True,,,1,5.0,False
SAI,55,17.0,95.507,30.202,41.758,23.547,2.0,HARD,3.0,True,,,1,4.0,False
SAI,55,18.0,96.088,30.59,41.964,23.534,2.0,HARD,4.0,True,,,1,3.0,False
SAI,55,19.0,96.236,30.805,41.897,23.534,2.0,HARD,5.0,True,,,1,3.0,False
SAI,55,20.0,96.034,30.786,41.66,23.588,2.0,HARD,6.0,True,,,1,3.0,False
SAI,55,21.0,96.104,30.796,41.752,23.556,2.0,HARD,7.0,True,,,1,3.0,False
SAI,55,22.0,96.008,30.686,41.77,23.552,2.0,HARD,8.0,True,,,1,3.0,False
SAI,55,23.0,96.149,30.738,41.797,23.614,2.0,HARD,9.0,True,,,1,3.0,False
SAI,55,24.0,96.2,30.698,41.881,23.621,2.0,HARD,10.0,True,,,1,3.0,False
SAI,55,25.0,96.22,30.724,41.907,23.589,2.0,HARD,11.0,True,,,1,3.0,False
SAI,55,26.0,96.221,30.714,41.878,23.629,2.0,HARD,12.0,True,,,1,3.0,False
SAI,55,27.0,96.272,30.807,41.836,23.629,2.0,HARD,13.0,True,,,1,3.0,False
SAI,55,28.0,96.534,30.901,41.965,23.668,2.0,HARD,14.0,True,,,1,3.0,False
SAI,55,29.0,96.6,30.852,41.97,23.778,2.0,HARD,15.0,True,,,1,3.0,False
SAI,55,30.0,96.337,30.746,41.897,23.694,2.0,HARD,16.0,True,,,1,3.0,False
SAI,55,31.0,96.537,30.851,41.959,23.727,2.0,HARD,17.0,True,,,1,3.0,False
SAI,55,32.0,96.762,30.873,42.115,23.774,2.0,HARD,18.0,True,,,1,3.0,False
SAI,55,33.0,96.556,30.833,41.987,23.736,2.0,HARD,19.0,True,,,1,3.0,False
SAI,55,34.0,96.551,30.858,41.933,23.76,2.0,HARD,20.0,True,,,1,3.0,False
SAI,55,35.0,99.274,30.872,42.117,26.285,2.0,HARD,21.0,True,7016.614,,1,3.0,False
SAI,55,36.0,115.62,50.852,41.528,23.24,3.0,HARD,1.0,True,,7040.5,1,3.0,False
SAI,55,37.0,95.302,30.695,41.39,23.217,3.0,HARD,2.0,True,,,1,3.0,False
SAI,55,38.0,95.1,30.631,41.329,23.14,3.0,HARD,3.0,True,,,1,3.0,False
SAI,55,39.0,94.709,30.481,41.066,23.162,3.0,HARD,4.0,True,,,1,3.0,False
SAI,55,40.0,94.739,30.382,41.146,23.211,3.0,HARD,5.0,True,,,1,3.0,False
SAI,55,41.0,95.041,30.638,41.205,23.198,3.0,HARD,6.0,True,,,1,3.0,False
SAI,55,42.0,94.861,30.448,41.195,23.218,3.0,HARD,7.0,True,,,1,3.0,False
SAI,55,43.0,94.795,30.387,41.201,23.207,3.0,HARD,8.0,True,,,1,3.0,False
SAI,55,44.0,94.507,30.35,40.971,23.186,3.0,HARD,9.0,True,,,1,3.0,False
SAI,55,45.0,94.79,30.398,41.123,23.269,3.0,HARD,10.0,True,,,1,3.0,False
SAI,55,46.0,94.853,30.466,41.116,23.271,3.0,HARD,11.0,True,,,1,3.0,False
SAI,55,47.0,94.901,30.455,41.086,23.36,3.0,HARD,12.0,True,,,1,3.0,False
SAI,55,48.0,94.981,30.602,41.028,23.351,3.0,HARD,13.0,True,,,1,3.0,False
SAI,55,49.0,95.44,30.499,41.58,23.361,3.0,HARD,14.0,True,,,1,3.0,False
SAI,55,50.0,95.142,30.468,41.331,23.343,3.0,HARD,15.0,True,,,1,3.0,False
SAI,55,51.0,95.282,30.502,41.387,23.393,3.0,HARD,16.0,True,,,1,3.0,False
SAI,55,52.0,95.083,30.522,41.259,23.302,3.0,HARD,17.0,True,,,1,3.0,False
SAI,55,53.0,95.211,30.491,41.288,23.432,3.0,HARD,18.0,True,,,1,3.0,False
SAI,55,54.0,95.309,30.555,41.277,23.477,3.0,HARD,19.0,True,,,1,3.0,False
SAI,55,55.0,95.407,30.699,41.192,23.516,3.0,HARD,20.0,True,,,1,3.0,False
SAI,55,56.0,95.305,30.593,41.18,23.532,3.0,HARD,21.0,True,,,1,3.0,False
SAI,55,57.0,95.327,30.55,41.125,23.652,3.0,HARD,22.0,True,,,1,3.0,False
LEC,16,1.0,98.271,,41.549,23.635,1.0,SOFT,4.0,False,,,12,2.0,False
LEC,16,2.0,96.862,31.166,41.864,23.832,1.0,SOFT,5.0,False,,,1,2.0,False
LEC,16,3.0,98.062,31.223,42.856,23.983,1.0,SOFT,6.0,False,,,1,3.0,False
LEC,16,4.0,97.752,30.958,42.784,24.01,1.0,SOFT,7.0,False,,,1,3.0,True
LEC,16,5.0,98.131,31.192,42.872,24.067,1.0,SOFT,8.0,False,,,1,3.0,False
LEC,16,6.0,97.782,30.936,42.751,24.095,1.0,SOFT,9.0,False,,,1,3.0,False
LEC,16,7.0,98.957,31.008,43.761,24.188,1.0,SOFT,10.0,False,,,1,4.0,False
LEC,16,8.0,98.136,31.2,42.753,24.183,1.0,SOFT,11.0,False,,,1,4.0,False
LEC,16,9.0,97.844,31.147,42.533,24.164,1.0,SOFT,12.0,False,,,1,4.0,False
LEC,16,10.0,97.884,30.988,42.534,24.362,1.0,SOFT,13.0,False,,,12,4.0,False
LEC,16,11.0,101.737,32.241,42.647,26.849,1.0,SOFT,14.0,False,4679.892,,1,6.0,False
LEC,16,12.0,117.471,51.178,42.371,23.922,2.0,HARD,1.0,True,,4703.94,1,13.0,False
LEC,16,13.0,96.432,30.58,42.173,23.679,2.0,HARD,2.0,True,,,1,9.0,False
LEC,16,14.0,96.756,30.787,42.232,23.737,2.0,HARD,3.0,True,,,1,8.0,False
LEC,16,15.0,96.813,30.831,42.256,23.726,2.0,HARD,4.0,True,,,1,6.0,False
LEC,16,16.0,96.673,30.606,42.32,23.747,2.0,HARD,5.0,True,,,1,4.0,False
LEC,16,17.0,97.302,31.109,42.332,23.861,2.0,HARD,6.0,True,,,1,5.0,False
LEC,16,18.0,97.438,31.18,42.467,23.791,2.0,HARD,7.0,True,,,1,5.0,False
LEC,16,19.0,96.821,30.986,42.03,23.805,2.0,HARD,8.0,True,,,1,5.0,False
LEC,16,20.0,96.794,30.839,42.103,23.852,2.0,HARD,9.0,True,,,1,5.0,False
LEC,16,21.0,96.977,31.089,42.091,23.797,2.0,HARD,10.0,True,,,1,5.0,False
LEC,16,22.0,96.796,30.994,41.976,23.826,2.0,HARD,11.0,True,,,1,5.0,False
LEC,16,23.0,96.987,31.131,41.941,23.915,2.0,HARD,12.0,True,,,1,5.0,False
LEC,16,24.0,96.924,31.083,41.904,23.937,2.0,HARD,13.0,True,,,1,5.0,False
LEC,16,25.0,96.76,31.059,41.828,23.873,2.0,HARD,14.0,True,,,1,5.0,False
LEC,16,26.0,96.81,30.991,41.901,23.918,2.0,HARD,15.0,True,,,1,5.0,False
LEC,16,27.0,96.831,31.081,41.881,23.869,2.0,HARD,16.0,True,,,1,5.0,False
LEC,16,28.0,96.907,31.019,41.971,23.917,2.0,HARD,17.0,True,,,1,5.0,False
LEC,16,29.0,96.963,30.974,42.065,23.924,2.0,HARD,18.0,True,,,1,5.0,False
LEC,16,30.0,97.158,31.134,42.03,23.994,2.0,HARD,19.0,True,,,1,5.0,False
LEC,16,31.0,97.031,30.999,42.079,23.953,2.0,HARD,20.0,True,,,1,4.0,False
LEC,16,32.0,96.941,31.153,41.922,23.866,2.0,HARD,21.0,True,,,1,4.0,False
LEC,16,33.0,96.741,30.99,41.868,23.883,2.0,HARD,22.0,True,,,1,4.0,False
LEC,16,34.0,99.614,31.219,41.932,26.463,2.0,HARD,23.0,True,6931.86,,1,4.0,False
LEC,16,35.0,116.166,51.681,41.26,23.225,3.0,HARD,1.0,True,,6955.941,1,6.0,False
LEC,16,36.0,94.09,30.063,40.65,23.377,3.0,HARD,2.0,True,,,1,5.0,False
LEC,16,37.0,94.897,30.611,40.962,23.324,3.0,HARD,3.0,True,,,1,5.0,False
LEC,16,38.0,94.783,30.55,40.953,23.28,3.0,HARD,4.0,True,,,1,5.0,False
LEC,16,39.0,95.087,30.604,41.077,23.406,3.0,HARD,5.0,True,,,1,5.0,False
LEC,16,40.0,94.859,30.507,40.836,23.516,3.0,HARD,6.0,True,,,1,5.0,False
LEC,16,41.0,95.028,30.539,41.033,23.456,3.0,HARD,7.0,True,,,1,5.0,False
LEC,16,42.0,94.982,30.413,41.067,23.502,3.0,HARD,8.0,True,,,1,5.0,False
LEC,16,43.0,95.192,30.286,41.367,23.539,3.0,HARD,9.0,True,,,1,5.0,False
LEC,16,44.0,95.051,30.468,41.124,23.459,3.0,HARD,10.0,True,,,1,5.0,False
LEC,16,45.0,95.22,30.355,41.281,23.584,3.0,HARD,11.0,True,,,1,5.0,False
LEC,16,46.0,95.058,30.238,41.4,23.42,3.0,HARD,12.0,True,,,1,4.0,False
LEC,16,47.0,95.057,30.577,41.115,23.365,3.0,HARD,13.0,True,,,1,4.0,False
LEC,16,48.0,95.308,30.64,41.183,23.485,3.0,HARD,14.0,True,,,1,4.0,False
LEC,16,49.0,95.302,30.689,41.12,23.493,3.0,HARD,15.0,True,,,1,4.0,False
LEC,16,50.0,95.383,30.639,41.285,23.459,3.0,HARD,16.0,True,,,1,4.0,False
LEC,16,51.0,95.418,30.721,41.116,23.581,3.0,HARD,17.0,True,,,1,4.0,False
LEC,16,52.0,95.394,30.693,41.156,23.545,3.0,HARD,18.0,True,,,1,4.0,False
LEC,16,53.0,95.48,30.777,41.227,23.476,3.0,HARD,19.0,True,,,1,4.0,False
LEC,16,54.0,95.265,30.7,41.077,23.488,3.0,HARD,20.0,True,,,1,4.0,False
LEC,16,55.0,95.785,30.857,41.308,23.62,3.0,HARD,21.0,True,,,1,4.0,False
LEC,16,56.0,95.924,30.744,41.565,23.615,3.0,HARD,22.0,True,,,1,4.0,False
LEC,16,57.0,96.324,30.856,41.655,23.813,3.0,HARD,23.0,True,,,1,4.0,False
RUS,63,1.0,99.228,,42.099,23.694,1.0,SOFT,4.0,False,,,12,3.0,False
RUS,63,2.0,96.635,30.829,42.038,23.768,1.0,SOFT,5.0,False,,,1,3.0,False
RUS,63,3.0,96.406,30.367,42.202,23.837,1.0,SOFT,6.0,False,,,1,2.0,False
RUS,63,4.0,97.738,31.135,42.609,23.994,1.0,SOFT,7.0,False,,,1,2.0,False
RUS,63,5.0,98.116,31.636,42.573,23.907,1.0,SOFT,8.0,False,,,1,2.0,False
RUS,63,6.0,97.784,31.36,42.508,23.916,1.0,SOFT,9.0,False,,,1,2.0,False
RUS,63,7.0,98.082,31.48,42.577,24.025,1.0,SOFT,10.0,False,,,1,2.0,False
RUS,63,8.0,97.862,31.238,42.646,23.978,1.0,SOFT,11.0,False,,,1,2.0,False
RUS,63,9.0,97.73,31.12,42.578,24.032,1.0,SOFT,12.0,False,,,1,2.0,False
RUS,63,10.0,97.782,31.247,42.538,23.997,1.0,SOFT,13.0,False,,,12,2.0,False
RUS,63,11.0,100.515,31.392,42.646,26.477,1.0,SOFT,14.0,False,4676.394,,1,4.0,False
RUS,63,12.0,118.46,52.57,42.189,23.701,2.0,HARD,1.0,True,,4701.16,1,11.0,False
RUS,63,13.0,97.167,30.759,42.479,23.929,2.0,HARD,2.0,True,,,1,7.0,False
RUS,63,14.0,97.571,30.851,42.74,23.98,2.0,HARD,3.0,True,,,1,7.0,False
RUS,63,15.0,96.922,31.038,42.152,23.732,2.0,HARD,4.0,True,,,1,4.0,False
RUS,63,16.0,96.683,31.03,42.084,23.569,2.0,HARD,5.0,True,,,1,3.0,False
RUS,63,17.0,96.234,30.747,41.766,23.721,2.0,HARD,6.0,True,,,1,3.0,False
RUS,63,18.0,97.819,31.462,42.532,23.825,2.0,HARD,7.0,True,,,1,4.0,False
RUS,63,19.0,97.233,31.101,42.267,23.865,2.0,HARD,8.0,True,,,1,4.0,False
RUS,63,20.0,96.732,30.862,42.099,23.771,2.0,HARD,9.0,True,,,1,4.0,False
RUS,63,21.0,96.769,30.87,42.18,23.719,2.0,HARD,10.0,True,,,1,4.0,False
RUS,63,22.0,96.992,30.84,42.313,23.839,2.0,HARD,11.0,True,,,1,4.0,False
RUS,63,23.0,96.954,31.043,42.088,23.823,2.0,HARD,12.0,True,,,1,4.0,False
RUS,63,24.0,96.736,30.867,42.107,23.762,2.0,HARD,13.0,True,,,1,4.0,False
RUS,63,25.0,96.928,30.941,42.199,23.788,2.0,HARD,14.0,True,,,1,4.0,False
RUS,63,26.0,96.801,30.867,42.161,23.773,2.0,HARD,15.0,True,,,1,4.0,False
RUS,63,27.0,96.815,30.93,42.115,23.77,2.0,HARD,16.0,True,,,1,4.0,False
RUS,63,28.0,96.911,30.98,42.149,23.782,2.0,HARD,17.0,True,,,1,4.0,False
RUS,63,29.0,97.066,30.993,42.224,23.849,2.0,HARD,18.0,True,,,1,4.0,False
RUS,63,30.0,97.186,31.03,42.221,23.935,2.0,HARD,19.0,True,,,1,4.0,False
RUS,63,31.0,99.405,31.061,42.153,26.191,2.0,HARD,20.0,True,6639.737,,1,5.0,False
RUS,63,32.0,117.267,52.151,41.641,23.475,3.0,HARD,1.0,True,,6664.687,1,9.0,False
RUS,63,33.0,95.838,30.638,41.572,23.628,3.0,HARD,2.0,True,,,1,9.0,False
RUS,63,34.0,95.241,30.286,41.651,23.304,3.0,HARD,3.0,True,,,1,6.0,False
RUS,63,35.0,95.772,30.587,41.817,23.368,3.0,HARD,4.0,True,,,1,4.0,False
RUS,63,36.0,95.434,30.608,41.494,23.332,3.0,HARD,5.0,True,,,1,4.0,False
RUS,63,37.0,95.481,30.566,41.586,23.329,3.0,HARD,6.0,True,,,1,4.0,False
RUS,63,38.0,95.479,30.6,41.469,23.41,3.0,HARD,7.0,True,,,1,4.0,False
RUS,63,39.0,95.204,30.547,41.329,23.328,3.0,HARD,8.0,True,,,1,4.0,False
RUS,63,40.0,95.065,30.39,41.347,23.328,3.0,HARD,9.0,True,,,1,4.0,False
RUS,63,41.0,95.093,30.541,41.25,23.302,3.0,HARD,10.0,True,,,1,4.0,False
RUS,63,42.0,95.136,30.57,41.196,23.37,3.0,HARD,11.0,True,,,1,4.0,False
RUS,63,43.0,95.193,30.626,41.237,23.33,3.0,HARD,12.0,True,,,1,4.0,False
RUS,63,44.0,95.162,30.573,41.252,23.337,3.0,HARD,13.0,True,,,1,4.0,False
RUS,63,45.0,95.276,30.599,41.328,23.349,3.0,HARD,14.0,True,,,1,4.0,False
RUS,63,46.0,96.657,30.649,42.244,23.764,3.0,HARD,15.0,True,,,1,5.0,True
RUS,63,47.0,95.805,30.525,41.724,23.556,3.0,HARD,16.0,True,,,1,5.0,False
RUS,63,48.0,96.059,30.794,41.795,23.47,3.0,HARD,17.0,True,,,1,5.0,False
RUS,63,49.0,95.954,30.723,41.727,23.504,3.0,HARD,18.0,True,,,1,5.0,False
RUS,63,50.0,96.181,30.691,41.93,23.56,3.0,HARD,19.0,True,,,1,5.0,False
RUS,63,51.0,95.852,30.639,41.734,23.479,3.0,HARD,20.0,True,,,1,5.0,False
RUS,63,52.0,96.186,30.678,41.927,23.581,3.0,HARD,21.0,True,,,1,5.0,False
RUS,63,53.0,95.979,30.752,41.74,23.487,3.0,HARD,22.0,True,,,1,5.0,False
RUS,63,54.0,96.013,30.744,41.687,23.582,3.0,HARD,23.0,True,,,1,5.0,False
RUS,63,55.0,96.151,30.818,41.709,23.624,3.0,HARD,24.0,True,,,1,5.0,False
RUS,63,56.0,96.35,30.808,41.885,23.657,3.0,HARD,25.0,True,,,1,5.0,False
RUS,63,57.0,96.44,30.765,42.018,23.657,3.0,HARD,26.0,True,,,1,5.0,False
NOR,4,1.0,102.168,,43.309,24.244,1.0,SOFT,4.0,False,,,12,7.0,False
NOR,4,2.0,98.01,31.353,42.618,24.039,1.0,SOFT,5.0,False,,,1,7.0,False
NOR,4,3.0,97.787,31.112,42.476,24.199,1.0,SOFT,6.0,False,,,1,6.0,True
NOR,4,4.0,97.45,31.115,42.193,24.142,1.0,SOFT,7.0,False,,,1,6.0,True
NOR,4,5.0,97.794,31.258,42.379,24.157,1.0,SOFT,8.0,False,,,1,6.0,False
NOR,4,6.0,97.896,31.027,42.622,24.247,1.0,SOFT,9.0,False,,,1,6.0,False
NOR,4,7.0,97.86,31.074,42.514,24.272,1.0,SOFT,10.0,False,,,1,6.0,False
NOR,4,8.0,98.134,31.171,42.688,24.275,1.0,SOFT,11.0,False,,,1,6.0,False
NOR,4,9.0,98.064,31.051,42.721,24.292,1.0,SOFT,12.0,False,,,1,6.0,False
NOR,4,10.0,97.936,31.019,42.563,24.354,1.0,SOFT,13.0,False,,,12,6.0,False
NOR,4,11.0,98.172,31.163,42.74,24.269,1.0,SOFT,14.0,False,,,1,5.0,False
NOR,4,12.0,98.082,31.232,42.561,24.289,1.0,SOFT,15.0,False,,,1,4.0,False
NOR,4,13.0,100.635,31.225,42.508,26.902,1.0,SOFT,16.0,False,4878.561,,1,3.0,False
NOR,4,14.0,117.77,51.681,42.243,23.846,2.0,HARD,1.0,True,,4902.671,1,9.0,False
NOR,4,15.0,96.912,31.011,42.058,23.843,2.0,HARD,2.0,True,,,1,8.0,False
NOR,4,16.0,96.565,30.716,42.031,23.818,2.0,HARD,3.0,True,,,1,6.0,False
NOR,4,17.0,96.776,31.049,41.973,23.754,2.0,HARD,4.0,True,,,1,6.0,False
NOR,4,18.0,96.508,30.803,41.777,23.928,2.0,HARD,5.0,True,,,1,6.0,False
NOR,4,19.0,96.416,30.87,41.774,23.772,2.0,HARD,6.0,True,,,1,6.0,False
NOR,4,20.0,96.501,30.817,41.871,23.813,2.0,HARD,7.0,True,,,1,6.0,False
NOR,4,21.0,96.62,30.889,41.825,23.906,2.0,HARD,8.0,True,,,1,6.0,False
NOR,4,22.0,96.668,30.839,41.822,24.007,2.0,HARD,9.0,True,,,1,6.0,False
NOR,4,23.0,96.696,30.92,41.877,23.899,2.0,HARD,10.0,True,,,1,6.0,False
NOR,4,24.0,96.823,30.89,42.047,23.886,2.0,HARD,11.0,True,,,1,6.0,False
NOR,4,25.0,96.73,30.923,41.924,23.883,2.0,HARD,12.0,True,,,1,6.0,False
NOR,4,26.0,96.566,30.845,41.878,23.843,2.0,HARD,13.0,True,,,1,6.0,False
NOR,4,27.0,96.726,30.873,41.939,23.914,2.0,HARD,14.0,True,,,1,6.0,False
NOR,4,28.0,97.018,30.98,41.984,24.054,2.0,HARD,15.0,True,,,1,6.0,False
NOR,4,29.0,97.041,30.879,42.16,24.002,2.0,HARD,16.0,True,,,1,6.0,False
NOR,4,30.0,96.986,30.946,42.076,23.964,2.0,HARD,17.0,True,,,1,6.0,False
NOR,4,31.0,97.083,30.944,42.127,24.012,2.0,HARD,18.0,True,,,1,6.0,False
NOR,4,32.0,97.171,30.994,42.14,24.037,2.0,HARD,19.0,True,,,1,5.0,False
NOR,4,33.0,99.626,31.223,42.016,26.387,2.0,HARD,20.0,True,6837.589,,1,5.0,False
NOR,4,34.0,116.898,51.869,41.547,23.482,3.0,HARD,1.0,True,,6862.389,1,8.0,False
NOR,4,35.0,94.476,30.32,40.838,23.318,3.0,HARD,2.0,True,,,1,7.0,False
NOR,4,36.0,95.69,30.162,42.072,23.456,3.0,HARD,3.0,True,,,1,6.0,False
NOR,4,37.0,95.067,30.355,41.339,23.373,3.0,HARD,4.0,True,,,1,6.0,False
NOR,4,38.0,95.149,30.48,41.161,23.508,3.0,HARD,5.0,True,,,1,6.0,False
NOR,4,39.0,94.88,30.35,41.047,23.483,3.0,HARD,6.0,True,,,1,6.0,False
NOR,4,40.0,95.276,30.366,41.222,23.688,3.0,HARD,7.0,True,,,1,6.0,False
NOR,4,41.0,95.069,30.318,41.261,23.49,3.0,HARD,8.0,True,,,1,6.0,False
NOR,4,42.0,95.165,30.402,41.212,23.551,3.0,HARD,9.0,True,,,1,6.0,False
NOR,4,43.0,95.295,30.462,41.196,23.637,3.0,HARD,10.0,True,,,1,6.0,False
NOR,4,44.0,95.346,30.488,41.267,23.591,3.0,HARD,11.0,True,,,1,6.0,False
NOR,4,45.0,95.338,30.468,41.24,23.63,3.0,HARD,12.0,True,,,1,6.0,False
NOR,4,46.0,95.371,30.485,41.244,23.642,3.0,HARD,13.0,True,,,1,6.0,False
NOR,4,47.0,95.485,30.546,41.341,23.598,3.0,HARD,14.0,True,,,1,6.0,False
NOR,4,48.0,95.717,30.638,41.369,23.71,3.0,HARD,15.0,True,,,1,6.0,False
NOR,4,49.0,95.674,30.64,41.34,23.694,3.0,HARD,16.0,True,,,1,6.0,False
NOR,4,50.0,95.657,30.563,41.375,23.719,3.0,HARD,17.0,True,,,1,6.0,False
NOR,4,51.0,96.038,30.786,41.516,23.736,3.0,HARD,18.0,True,,,1,6.0,False
NOR,4,52.0,95.922,30.655,41.461,23.806,3.0,HARD,19.0,True,,,1,6.0,False
NOR,4,53.0,95.782,30.666,41.392,23.724,3.0,HARD,20.0,True,,,1,6.0,False
NOR,4,54.0,95.934,30.672,41.387,23.875,3.0,HARD,21.0,True,,,1,6.0,False
NOR,4,55.0,96.223,31.035,41.372,23.816,3.0,HARD,22.0,True,,,1,6.0,False
NOR,4,56.0,95.976,30.691,41.471,23.814,3.0,HARD,23.0,True,,,1,6.0,True
NOR,4,57.0,96.582,30.771,41.992,23.819,3.0,HARD,24.0,True,,,1,6.0,False
HAM,44,1.0,103.122,,43.609,24.393,1.0,SOFT,4.0,False,,,12,9.0,False
HAM,44,2.0,98.273,31.287,42.893,24.093,1.0,SOFT,5.0,False,,,1,9.0,False
HAM,44,3.0,98.303,31.062,43.099,24.142,1.0,SOFT,6.0,False,,,1,9.0,False
HAM,44,4.0,98.287,30.983,43.146,24.158,1.0,SOFT,7.0,False,,,1,9.0,False
HAM,44,5.0,98.35,31.14,43.01,24.2,1.0,SOFT,8.0,False,,,1,9.0,False
HAM,44,6.0,98.183,31.124,42.887,24.172,1.0,SOFT,9.0,False,,,1,9.0,False
HAM,44,7.0,97.839,30.829,42.823,24.187,1.0,SOFT,10.0,False,,,1,9.0,False
HAM,44,8.0,98.221,31.079,42.886,24.256,1.0,SOFT,11.0,False,,,1,9.0,False
HAM,44,9.0,98.645,31.088,43.171,24.386,1.0,SOFT,12.0,False,,,1,9.0,False
HAM,44,10.0,98.037,30.931,42.821,24.285,1.0,SOFT,13.0,False,,,12,8.0,False
HAM,44,11.0,98.236,31.279,42.819,24.138,1.0,SOFT,14.0,False,,,1,8.0,False
HAM,44,12.0,100.889,31.206,42.881,26.802,1.0,SOFT,15.0,False,4784.838,,1,7.0,False
HAM,44,13.0,118.645,52.396,42.491,23.758,2.0,HARD,1.0,True,,4809.902,1,12.0,False
HAM,44,14.0,97.178,31.073,42.404,23.701,2.0,HARD,2.0,True,,,1,11.0,False
HAM,44,15.0,97.264,31.095,42.315,23.854,2.0,HARD,3.0,True,,,1,10.0,False
HAM,44,16.0,97.091,31.165,42.207,23.719,2.0,HARD,4.0,True,,,1,8.0,False
HAM,44,17.0,97.111,30.738,42.64,23.733,2.0,HARD,5.0,True,,,1,8.0,False
HAM,44,18.0,96.85,30.825,42.221,23.804,2.0,HARD,6.0,True,,,1,8.0,False
HAM,44,19.0,96.694,30.848,42.131,23.715,2.0,HARD,7.0,True,,,1,8.0,False
HAM,44,20.0,96.264,30.768,41.794,23.702,2.0,HARD,8.0,True,,,1,8.0,False
HAM,44,21.0,96.51,30.757,42.003,23.75,2.0,HARD,9.0,True,,,1,8.0,False
HAM,44,22.0,96.633,30.733,42.141,23.759,2.0,HARD,10.0,True,,,1,8.0,False
HAM,44,23.0,96.717,30.884,42.063,23.77,2.0,HARD,11.0,True,,,1,8.0,False
HAM,44,24.0,96.666,30.826,42.1,23.74,2.0,HARD,12.0,True,,,1,8.0,False
HAM,44,25.0,96.919,31.037,42.09,23.792,2.0,HARD,13.0,True,,,1,8.0,False
HAM,44,26.0,96.714,30.847,42.095,23.772,2.0,HARD,14.0,True,,,1,8.0,False
HAM,44,27.0,97.201,30.891,42.39,23.92,2.0,HARD,15.0,True,,,1,8.0,True
HAM,44,28.0,96.692,30.907,41.948,23.837,2.0,HARD,16.0,True,,,1,8.0,False
HAM,44,29.0,96.786,30.897,42.023,23.866,2.0,HARD,17.0,True,,,1,8.0,False
HAM,44,30.0,97.244,30.945,42.37,23.929,2.0,HARD,18.0,True,,,1,8.0,False
HAM,44,31.0,96.975,30.837,42.175,23.963,2.0,HARD,19.0,True,,,1,8.0,False
HAM,44,32.0,97.325,31.076,42.235,24.014,2.0,HARD,20.0,True,,,1,7.0,False
HAM,44,33.0,99.696,30.937,42.399,26.36,2.0,HARD,21.0,True,6844.064,,1,7.0,False
HAM,44,34.0,114.974,50.966,40.903,23.105,3.0,HARD,1.0,True,,6868.183,1,9.0,False
HAM,44,35.0,95.489,30.776,41.304,23.409,3.0,HARD,2.0,True,,,1,8.0,False
HAM,44,36.0,95.279,30.303,41.653,23.323,3.0,HARD,3.0,True,,,1,8.0,False
HAM,44,37.0,95.597,30.384,41.575,23.638,3.0,HARD,4.0,True,,,1,8.0,False
HAM,44,38.0,94.966,30.06,41.423,23.483,3.0,HARD,5.0,True,,,1,8.0,False
HAM,44,39.0,94.722,30.17,41.159,23.393,3.0,HARD,6.0,True,,,1,7.0,False
HAM,44,40.0,95.041,30.443,41.198,23.4,3.0,HARD,7.0,True,,,1,7.0,False
HAM,44,41.0,94.94,30.463,41.116,23.361,3.0,HARD,8.0,True,,,1,7.0,False
HAM,44,42.0,94.996,30.426,41.13,23.44,3.0,HARD,9.0,True,,,1,7.0,False
HAM,44,43.0,94.935,30.437,41.134,23.364,3.0,HARD,10.0,True,,,1,7.0,False
HAM,44,44.0,95.169,30.494,41.229,23.446,3.0,HARD,11.0,True,,,1,7.0,False
HAM,44,45.0,95.184,30.483,41.299,23.402,3.0,HARD,12.0,True,,,1,7.0,False
HAM,44,46.0,95.285,30.569,41.258,23.458,3.0,HARD,13.0,True,,,1,7.0,False
HAM,44,47.0,95.226,30.514,41.311,23.401,3.0,HARD,14.0,True,,,1,7.0,True
HAM,44,48.0,96.165,30.691,41.926,23.548,3.0,HARD,15.0,True,,,1,7.0,False
HAM,44,49.0,95.914,30.616,41.819,23.479,3.0,HARD,16.0,True,,,1,7.0,False
HAM,44,50.0,95.612,30.655,41.454,23.503,3.0,HARD,17.0,True,,,1,7.0,False
HAM,44,51.0,95.532,30.597,41.403,23.532,3.0,HARD,18.0,True,,,1,7.0,False
HAM,44,52.0,95.479,30.578,41.382,23.519,3.0,HARD,19.0,True,,,1,7.0,False
HAM,44,53.0,95.55,30.643,41.252,23.655,3.0,HARD,20.0,True,,,1,7.0,False
HAM,44,54.0,95.974,30.792,41.706,23.476,3.0,HARD,21.0,True,,,1,7.0,False
HAM,44,55.0,95.633,30.602,41.487,23.544,3.0,HARD,22.0,True,,,1,7.0,False
HAM,44,56.0,95.706,30.597,41.564,23.545,3.0,HARD,23.0,True,,,1,7.0,False
HAM,44,57.0,96.138,30.687,41.847,23.604,3.0,HARD,24.0,True,,,1,7.0,False
PIA,81,1.0,102.523,,43.573,24.14,1.0,SOFT,4.0,False,,,12,8.0,False
PIA,81,2.0,98.382,31.429,42.789,24.164,1.0,SOFT,5.0,False,,,1,8.0,False
PIA,81,3.0,98.258,31.147,42.993,24.118,1.0,SOFT,6.0,False,,,1,8.0,False
PIA,81,4.0,97.897,31.113,42.572,24.212,1.0,SOFT,7.0,False,,,1,8.0,False
PIA,81,5.0,97.859,30.894,42.78,24.185,1.0,SOFT,8.0,False,,,1,7.0,False
PIA,81,6.0,97.955,31.412,42.35,24.193,1.0,SOFT,9.0,False,,,1,7.0,False
PIA,81,7.0,97.984,31.164,42.581,24.239,1.0,SOFT,10.0,False,,,1,7.0,False
PIA,81,8.0,97.956,31.179,42.533,24.244,1.0,SOFT,11.0,False,,,1,7.0,False
PIA,81,9.0,98.096,31.211,42.534,24.351,1.0,SOFT,12.0,False,,,1,7.0,False
PIA,81,10.0,98.073,31.294,42.462,24.317,1.0,SOFT,13.0,False,,,12,7.0,False
PIA,81,11.0,98.397,31.276,42.727,24.394,1.0,SOFT,14.0,False,,,1,7.0,False
PIA,81,12.0,100.739,31.364,42.679,26.696,1.0,SOFT,15.0,False,4782.605,,1,5.0,False
PIA,81,13.0,118.689,52.735,42.241,23.713,2.0,HARD,1.0,True,,4808.021,1,11.0,False
PIA,81,14.0,96.796,30.92,42.057,23.819,2.0,HARD,2.0,True,,,1,10.0,False
PIA,81,15.0,96.823,31.008,41.928,23.887,2.0,HARD,3.0,True,,,1,9.0,False
PIA,81,16.0,96.427,30.706,41.849,23.872,2.0,HARD,4.0,True,,,1,7.0,False
PIA,81,17.0,96.872,30.863,42.13,23.879,2.0,HARD,5.0,True,,,1,7.0,False
PIA,81,18.0,97.095,30.958,42.15,23.987,2.0,HARD,6.0,True,,,1,7.0,False
PIA,81,19.0,96.577,30.84,41.863,23.874,2.0,HARD,7.0,True,,,1,7.0,False
PIA,81,20.0,96.644,30.982,41.794,23.868,2.0,HARD,8.0,True,,,1,7.0,False
PIA,81,21.0,96.733,30.904,41.943,23.886,2.0,HARD,9.0,True,,,1,7.0,False
PIA,81,22.0,96.555,30.87,41.812,23.873,2.0,HARD,10.0,True,,,1,7.0,False
PIA,81,23.0,96.68,30.953,41.883,23.844,2.0,HARD,11.0,True,,,1,7.0,False
PIA,81,24.0,96.884,31.104,41.813,23.967,2.0,HARD,12.0,True,,,1,7.0,False
PIA,81,25.0,97.008,31.017,42.028,23.963,2.0,HARD,13.0,True,,,1,7.0,False
PIA,81,26.0,96.882,30.94,42.004,23.938,2.0,HARD,14.0,True,,,1,7.0,False
PIA,81,27.0,96.905,31.034,41.892,23.979,2.0,HARD,15.0,True,,,1,7.0,False
PIA,81,28.0,96.905,31.028,41.888,23.989,2.0,HARD,16.0,True,,,1,7.0,False
PIA,81,29.0,97.179,31.07,42.068,24.041,2.0,HARD,17.0,True,,,1,7.0,False
PIA,81,30.0,97.177,31.02,42.067,24.09,2.0,HARD,18.0,True,,,1,7.0,False
PIA,81,31.0,97.57,30.979,42.516,24.075,2.0,HARD,19.0,True,,,1,7.0,False
PIA,81,32.0,97.163,30.956,42.2,24.007,2.0,HARD,20.0,True,,,1,6.0,False
PIA,81,33.0,97.088,31.023,42.039,24.026,2.0,HARD,21.0,True,,,1,6.0,False
PIA,81,34.0,99.211,30.933,41.867,26.411,2.0,HARD,22.0,True,6938.558,,1,5.0,False
PIA,81,35.0,119.703,53.392,42.529,23.782,3.0,HARD,1.0,True,,6963.352,1,9.0,False
PIA,81,36.0,95.153,30.577,41.125,23.451,3.0,HARD,2.0,True,,,1,9.0,False
PIA,81,37.0,94.774,30.469,40.772,23.533,3.0,HARD,3.0,True,,,1,9.0,True
PIA,81,38.0,95.298,30.613,41.055,23.63,3.0,HARD,4.0,True,,,1,9.0,True
PIA,81,39.0,94.983,30.196,41.091,23.696,3.0,HARD,5.0,True,,,1,9.0,False
PIA,81,40.0,95.005,30.329,41.07,23.606,3.0,HARD,6.0,True,,,1,8.0,False
PIA,81,41.0,95.109,30.504,41.055,23.55,3.0,HARD,7.0,True,,,1,8.0,False
PIA,81,42.0,95.341,30.605,41.21,23.526,3.0,HARD,8.0,True,,,1,8.0,False
PIA,81,43.0,95.258,30.52,41.188,23.55,3.0,HARD,9.0,True,,,1,8.0,False
PIA,81,44.0,95.238,30.489,41.161,23.588,3.0,HARD,10.0,True,,,1,8.0,False
PIA,81,45.0,95.306,30.589,41.14,23.577,3.0,HARD,11.0,True,,,1,8.0,False
PIA,81,46.0,95.296,30.594,41.178,23.524,3.0,HARD,12.0,True,,,1,8.0,False
PIA,81,47.0,95.376,30.504,41.194,23.678,3.0,HARD,13.0,True,,,1,8.0,False
PIA,81,48.0,95.702,30.651,41.365,23.686,3.0,HARD,14.0,True,,,1,8.0,False
PIA,81,49.0,95.653,30.619,41.313,23.721,3.0,HARD,15.0,True,,,1,8.0,False
PIA,81,50.0,95.984,30.79,41.405,23.789,3.0,HARD,16.0,True,,,1,8.0,True
PIA,81,51.0,95.8,30.74,41.312,23.748,3.0,HARD,17.0,True,,,1,8.0,False
PIA,81,52.0,96.024,30.765,41.526,23.733,3.0,HARD,18.0,True,,,1,8.0,False
PIA,81,53.0,95.739,30.77,41.299,23.67,3.0,HARD,19.0,True,,,1,8.0,False
PIA,81,54.0,96.107,30.976,41.431,23.7,3.0,HARD,20.0,True,,,1,8.0,False
PIA,81,55.0,95.973,30.879,41.373,23.721,3.0,HARD,21.0,True,,,1,8.0,False
PIA,81,56.0,96.1,30.82,41.515,23.765,3.0,HARD,22.0,True,,,1,8.0,False
PIA,81,57.0,95.92,30.738,41.401,23.781,3.0,HARD,23.0,True,,,1,8.0,False
ALO,14,1.0,101.679,,43.268,24.162,1.0,SOFT,4.0,False,,,12,6.0,False
ALO,14,2.0,98.02,31.203,42.896,23.921,1.0,SOFT,5.0,False,,,1,6.0,False
ALO,14,3.0,99.046,32.068,42.719,24.259,1.0,SOFT,6.0,False,,,1,7.0,False
ALO,14,4.0,97.776,30.951,42.58,24.245,1.0,SOFT,7.0,False,,,1,7.0,False
ALO,14,5.0,99.292,32.063,42.806,24.423,1.0,SOFT,8.0,False,,,1,8.0,False
ALO,14,6.0,98.053,31.076,42.676,24.301,1.0,SOFT,9.0,False,,,1,8.0,False
ALO,14,7.0,98.008,30.905,42.7,24.403,1.0,SOFT,10.0,False,,,1,8.0,False
ALO,14,8.0,98.103,31.024,42.689,24.39,1.0,SOFT,11.0,False,,,1,8.0,False
ALO,14,9.0,98.896,31.464,43.036,24.396,1.0,SOFT,12.0,False,,,1,8.0,False
ALO,14,10.0,99.325,31.635,43.162,24.528,1.0,SOFT,13.0,False,,,12,9.0,False
ALO,14,11.0,98.554,31.043,42.972,24.539,1.0,SOFT,14.0,False,,,1,9.0,False
ALO,14,12.0,98.543,30.932,43.035,24.576,1.0,SOFT,15.0,False,,,1,6.0,False
ALO,14,13.0,98.587,31.446,42.808,24.333,1.0,SOFT,16.0,False,,,1,4.0,False
ALO,14,14.0,98.612,31.516,42.741,24.355,1.0,SOFT,17.0,False,,,1,3.0,False
ALO,14,15.0,101.101,31.48,42.707,26.914,1.0,SOFT,18.0,False,5082.03,,1,2.0,False
ALO,14,16.0,118.814,52.462,42.357,23.995,2.0,HARD,1.0,True,,5106.892,1,10.0,False
ALO,14,17.0,96.97,30.546,42.572,23.852,2.0,HARD,2.0,True,,,1,9.0,False
ALO,14,18.0,97.361,31.136,42.381,23.844,2.0,HARD,3.0,True,,,1,9.0,False
ALO,14,19.0,97.072,30.967,42.236,23.869,2.0,HARD,4.0,True,,,1,9.0,False
ALO,14,20.0,97.357,31.08,42.304,23.973,2.0,HARD,5.0,True,,,1,9.0,False
ALO,14,21.0,97.342,30.978,42.385,23.979,2.0,HARD,6.0,True,,,1,9.0,False
ALO,14,22.0,97.122,30.882,42.371,23.869,2.0,HARD,7.0,True,,,1,9.0,False
ALO,14,23.0,97.265,30.946,42.451,23.868,2.0,HARD,8.0,True,,,1,9.0,False
ALO,14,24.0,97.046,30.836,42.303,23.907,2.0,HARD,9.0,True,,,1,9.0,False
ALO,14,25.0,97.179,30.925,42.232,24.022,2.0,HARD,10.0,True,,,1,9.0,False
ALO,14,26.0,97.638,31.295,42.393,23.95,2.0,HARD,11.0,True,,,1,9.0,False
ALO,14,27.0,96.945,31.0,42.032,23.913,2.0,HARD,12.0,True,,,1,9.0,False
ALO,14,28.0,97.256,31.091,42.208,23.957,2.0,HARD,13.0,True,,,1,9.0,False
ALO,14,29.0,97.104,30.948,42.237,23.919,2.0,HARD,14.0,True,,,1,9.0,False
ALO,14,30.0,96.982,30.976,42.05,23.956,2.0,HARD,15.0,True,,,1,9.0,False
ALO,14,31.0,96.957,30.866,42.192,23.899,2.0,HARD,16.0,True,,,1,9.0,False
ALO,14,32.0,97.056,31.023,42.0,24.033,2.0,HARD,17.0,True,,,1,8.0,False
ALO,14,33.0,97.202,31.106,42.136,23.96,2.0,HARD,18.0,True,,,1,8.0,False
ALO,14,34.0,97.601,31.211,42.33,24.06,2.0,HARD,19.0,True,,,1,7.0,False
ALO,14,35.0,97.273,31.078,42.219,23.976,2.0,HARD,20.0,True,,,1,5.0,False
ALO,14,36.0,98.343,31.245,42.631,24.467,2.0,HARD,21.0,True,,,1,7.0,False
ALO,14,37.0,96.799,30.5,42.284,24.015,2.0,HARD,22.0,True,,,1,7.0,False
ALO,14,38.0,97.297,30.952,42.212,24.133,2.0,HARD,23.0,True,,,1,7.0,False
ALO,14,39.0,97.946,31.253,42.438,24.255,2.0,HARD,24.0,True,,,1,8.0,False
ALO,14,40.0,98.061,31.525,42.36,24.176,2.0,HARD,25.0,True,,,1,9.0,False
ALO,14,41.0,100.261,31.046,42.415,26.8,2.0,HARD,26.0,True,7636.321,,1,9.0,False
ALO,14,42.0,116.899,52.077,41.387,23.435,3.0,HARD,1.0,True,,7661.382,1,11.0,False
ALO,14,43.0,95.107,30.517,41.055,23.535,3.0,HARD,2.0,True,,,1,11.0,False
ALO,14,44.0,94.981,30.334,41.382,23.265,3.0,HARD,3.0,True,,,1,10.0,False
ALO,14,45.0,94.872,30.536,41.011,23.325,3.0,HARD,4.0,True,,,1,10.0,False
ALO,14,46.0,95.126,30.468,41.232,23.426,3.0,HARD,5.0,True,,,1,10.0,False
ALO,14,47.0,95.225,30.596,41.183,23.446,3.0,HARD,6.0,True,,,1,10.0,False
ALO,14,48.0,94.199,30.046,40.806,23.347,3.0,HARD,7.0,True,,,1,9.0,False
ALO,14,49.0,94.571,30.4,40.783,23.388,3.0,HARD,8.0,True,,,1,9.0,False
ALO,14,50.0,94.677,30.453,40.794,23.43,3.0,HARD,9.0,True,,,1,9.0,False
ALO,14,51.0,94.916,30.543,40.924,23.449,3.0,HARD,10.0,True,,,1,9.0,False
ALO,14,52.0,94.862,30.447,40.963,23.452,3.0,HARD,11.0,True,,,1,9.0,False
ALO,14,53.0,95.249,30.498,41.106,23.645,3.0,HARD,12.0,True,,,1,9.0,False
ALO,14,54.0,95.745,30.701,41.444,23.6,3.0,HARD,13.0,True,,,1,9.0,False
ALO,14,55.0,95.066,30.478,41.126,23.462,3.0,HARD,14.0,True,,,1,9.0,False
ALO,14,56.0,95.014,30.405,41.122,23.487,3.0,HARD,15.0,True,,,1,9.0,False
ALO,14,57.0,95.276,30.59,41.134,23.552,3.0,HARD,16.0,True,,,1,9.0,False
STR,18,1.0,110.214,,44.4,24.337,1.0,SOFT,1.0,True,,,12,19.0,False
STR,18,2.0,97.987,31.319,42.653,24.015,1.0,SOFT,2.0,True,,,1,19.0,False
STR,18,3.0,98.279,31.279,42.79,24.21,1.0,SOFT,3.0,True,,,1,19.0,False
STR,18,4.0,98.364,30.944,43.227,24.193,1.0,SOFT,4.0,True,,,1,19.0,False
STR,18,5.0,98.725,30.987,43.577,24.161,1.0,SOFT,5.0,True,,,1,18.0,False
STR,18,6.0,98.925,31.554,43.188,24.183,1.0,SOFT,6.0,True,,,1,18.0,False
STR,18,7.0,98.769,31.302,43.186,24.281,1.0,SOFT,7.0,True,,,1,18.0,False
STR,18,8.0,98.857,30.963,43.37,24.524,1.0,SOFT,8.0,True,,,1,18.0,False
STR,18,9.0,102.112,31.431,43.451,27.23,1.0,SOFT,9.0,True,4500.719,,1,19.0,False
STR,18,10.0,117.815,51.912,42.22,23.683,2.0,HARD,1.0,True,,4525.073,12,18.0,False
STR,18,11.0,96.494,30.684,42.077,23.733,2.0,HARD,2.0,True,,,1,17.0,False
STR,18,12.0,97.175,30.961,42.338,23.876,2.0,HARD,3.0,True,,,1,16.0,False
STR,18,13.0,97.289,30.988,42.395,23.906,2.0,HARD,4.0,True,,,1,14.0,False
STR,18,14.0,97.624,31.039,42.588,23.997,2.0,HARD,5.0,True,,,1,13.0,False
STR,18,15.0,97.533,30.928,42.631,23.974,2.0,HARD,6.0,True,,,1,12.0,False
STR,18,16.0,98.027,31.238,42.753,24.036,2.0,HARD,7.0,True,,,1,11.0,False
STR,18,17.0,98.777,31.663,42.958,24.156,2.0,HARD,8.0,True,,,1,12.0,False
STR,18,18.0,97.417,30.775,42.503,24.139,2.0,HARD,9.0,True,,,1,12.0,False
STR,18,19.0,97.554,30.774,42.598,24.182,2.0,HARD,10.0,True,,,1,12.0,False
STR,18,20.0,97.859,31.219,42.499,24.141,2.0,HARD,11.0,True,,,1,12.0,False
STR,18,21.0,98.022,31.191,42.686,24.145,2.0,HARD,12.0,True,,,1,12.0,False
STR,18,22.0,98.175,31.109,42.935,24.131,2.0,HARD,13.0,True,,,1,12.0,False
STR,18,23.0,97.826,31.057,42.668,24.101,2.0,HARD,14.0,True,,,1,12.0,False
STR,18,24.0,98.138,31.071,42.831,24.236,2.0,HARD,15.0,True,,,1,12.0,False
STR,18,25.0,97.994,31.105,42.77,24.119,2.0,HARD,16.0,True,,,1,12.0,False
STR,18,26.0,98.133,31.156,42.759,24.218,2.0,HARD,17.0,True,,,1,12.0,False
STR,18,27.0,100.71,31.196,42.791,26.723,2.0,HARD,18.0,True,6283.48,,1,13.0,False
STR,18,28.0,116.64,51.64,41.554,23.446,3.0,HARD,1.0,True,,6307.9,1,18.0,False
STR,18,29.0,95.854,30.749,41.609,23.496,3.0,HARD,2.0,True,,,1,18.0,False
STR,18,30.0,95.632,30.429,41.682,23.521,3.0,HARD,3.0,True,,,1,18.0,False
STR,18,31.0,96.202,30.622,41.79,23.79,3.0,HARD,4.0,True,,,1,15.0,False
STR,18,32.0,95.821,30.248,41.8,23.773,3.0,HARD,5.0,True,,,1,15.0,False
STR,18,33.0,96.349,30.607,42.088,23.654,3.0,HARD,6.0,True,,,1,13.0,False
STR,18,34.0,96.332,30.969,41.709,23.654,3.0,HARD,7.0,True,,,1,13.0,False
STR,18,35.0,96.242,30.837,41.766,23.639,3.0,HARD,8.0,True,,,1,12.0,False
STR,18,36.0,96.086,30.694,41.748,23.644,3.0,HARD,9.0,True,,,1,11.0,False
STR,18,37.0,95.987,30.676,41.775,23.536,3.0,HARD,10.0,True,,,1,10.0,False
STR,18,38.0,96.364,30.776,41.926,23.662,3.0,HARD,11.0,True,,,1,10.0,False
STR,18,39.0,96.353,30.792,41.959,23.602,3.0,HARD,12.0,True,,,1,10.0,False
STR,18,40.0,96.485,30.896,41.927,23.662,3.0,HARD,13.0,True,,,1,10.0,False
STR,18,41.0,96.322,30.877,41.749,23.696,3.0,HARD,14.0,True,,,1,10.0,False
STR,18,42.0,96.343,30.774,41.917,23.652,3.0,HARD,15.0,True,,,1,9.0,False
STR,18,43.0,96.304,30.843,41.859,23.602,3.0,HARD,16.0,True,,,1,9.0,False
STR,18,44.0,96.564,30.788,42.023,23.753,3.0,HARD,17.0,True,,,1,9.0,False
STR,18,45.0,96.243,30.712,41.834,23.697,3.0,HARD,18.0,True,,,1,9.0,False
STR,18,46.0,96.379,30.808,41.882,23.689,3.0,HARD,19.0,True,,,1,9.0,False
STR,18,47.0,96.298,30.835,41.744,23.719,3.0,HARD,20.0,True,,,1,9.0,False
STR,18,48.0,97.325,31.346,42.156,23.823,3.0,HARD,21.0,True,,,1,10.0,False
STR,18,49.0,96.871,30.92,42.119,23.832,3.0,HARD,22.0,True,,,1,10.0,False
STR,18,50.0,96.541,30.808,41.978,23.755,3.0,HARD,23.0,True,,,1,10.0,False
STR,18,51.0,96.763,30.882,42.075,23.806,3.0,HARD,24.0,True,,,1,10.0,False
STR,18,52.0,96.934,31.144,42.016,23.774,3.0,HARD,25.0,True,,,1,10.0,False
STR,18,53.0,96.64,30.894,42.017,23.729,3.0,HARD,26.0,True,,,1,10.0,False
STR,18,54.0,96.693,30.938,41.971,23.784,3.0,HARD,27.0,True,,,1,10.0,False
STR,18,55.0,96.68,30.92,41.999,23.761,3.0,HARD,28.0,True,,,1,10.0,False
STR,18,56.0,96.582,30.87,41.951,23.761,3.0,HARD,29.0,True,,,1,10.0,False
STR,18,57.0,97.335,30.994,42.237,24.104,3.0,HARD,30.0,True,,,1,10.0,False
ZHO,24,1.0,104.801,,43.576,24.294,1.0,SOFT,1.0,True,,,12,13.0,False
ZHO,24,2.0,98.92,31.452,43.135,24.333,1.0,SOFT,2.0,True,,,1,13.0,False
ZHO,24,3.0,98.582,31.044,43.084,24.454,1.0,SOFT,3.0,True,,,1,13.0,False
ZHO,24,4.0,98.428,30.977,43.004,24.447,1.0,SOFT,4.0,True,,,1,13.0,False
ZHO,24,5.0,98.798,31.116,43.178,24.504,1.0,SOFT,5.0,True,,,1,13.0,False
ZHO,24,6.0,98.488,30.86,43.064,24.564,1.0,SOFT,6.0,True,,,1,13.0,False
ZHO,24,7.0,99.517,31.488,43.47,24.559,1.0,SOFT,7.0,True,,,1,13.0,False
ZHO,24,8.0,99.646,31.786,43.138,24.722,1.0,SOFT,8.0,True,,,1,13.0,False
ZHO,24,9.0,101.849,31.33,43.094,27.425,1.0,SOFT,9.0,True,4497.559,,1,16.0,False
ZHO,24,10.0,119.328,53.287,42.225,23.816,2.0,HARD,1.0,True,,4522.7,12,17.0,False
ZHO,24,11.0,96.365,30.815,41.738,23.812,2.0,HARD,2.0,True,,,1,16.0,False
ZHO,24,12.0,96.995,31.006,42.207,23.782,2.0,HARD,3.0,True,,,1,15.0,False
ZHO,24,13.0,97.436,30.982,42.435,24.019,2.0,HARD,4.0,True,,,1,13.0,False
ZHO,24,14.0,97.482,31.086,42.431,23.965,2.0,HARD,5.0,True,,,1,12.0,False
ZHO,24,15.0,97.5,31.03,42.429,24.041,2.0,HARD,6.0,True,,,1,11.0,False
ZHO,24,16.0,97.659,31.166,42.398,24.095,2.0,HARD,7.0,True,,,1,9.0,False
ZHO,24,17.0,98.475,31.431,42.856,24.188,2.0,HARD,8.0,True,,,1,10.0,False
ZHO,24,18.0,97.552,30.919,42.585,24.048,2.0,HARD,9.0,True,,,1,10.0,False
ZHO,24,19.0,97.652,30.887,42.658,24.107,2.0,HARD,10.0,True,,,1,10.0,False
ZHO,24,20.0,97.749,31.239,42.477,24.033,2.0,HARD,11.0,True,,,1,10.0,False
ZHO,24,21.0,97.947,31.22,42.705,24.022,2.0,HARD,12.0,True,,,1,10.0,False
ZHO,24,22.0,97.852,31.171,42.584,24.097,2.0,HARD,13.0,True,,,1,10.0,False
ZHO,24,23.0,97.788,31.092,42.647,24.049,2.0,HARD,14.0,True,,,1,10.0,False
ZHO,24,24.0,97.894,31.14,42.602,24.152,2.0,HARD,15.0,True,,,1,10.0,False
ZHO,24,25.0,97.883,31.246,42.532,24.105,2.0,HARD,16.0,True,,,1,10.0,False
ZHO,24,26.0,97.995,31.266,42.658,24.071,2.0,HARD,17.0,True,,,1,10.0,False
ZHO,24,27.0,98.053,31.367,42.594,24.092,2.0,HARD,18.0,True,,,1,10.0,False
ZHO,24,28.0,100.675,31.279,42.58,26.816,2.0,HARD,19.0,True,6377.855,,1,11.0,False
ZHO,24,29.0,117.076,52.137,41.43,23.509,3.0,HARD,1.0,True,,6402.838,1,17.0,False
ZHO,24,30.0,95.458,30.674,41.19,23.594,3.0,HARD,2.0,True,,,1,17.0,False
ZHO,24,31.0,96.297,30.846,41.644,23.807,3.0,HARD,3.0,True,,,1,14.0,False
ZHO,24,32.0,96.048,30.646,41.735,23.667,3.0,HARD,4.0,True,,,1,14.0,False
ZHO,24,33.0,97.971,31.535,42.387,24.049,3.0,HARD,5.0,True,,,1,14.0,False
ZHO,24,34.0,96.518,30.678,41.938,23.902,3.0,HARD,6.0,True,,,1,14.0,False
ZHO,24,35.0,96.546,30.612,41.954,23.98,3.0,HARD,7.0,True,,,1,13.0,False
ZHO,24,36.0,96.931,31.09,41.967,23.874,3.0,HARD,8.0,True,,,1,12.0,False
ZHO,24,37.0,96.805,30.874,42.13,23.801,3.0,HARD,9.0,True,,,1,11.0,False
ZHO,24,38.0,96.857,30.915,42.149,23.793,3.0,HARD,10.0,True,,,1,11.0,False
ZHO,24,39.0,96.637,30.904,42.006,23.727,3.0,HARD,11.0,True,,,1,11.0,False
ZHO,24,40.0,96.683,30.839,42.094,23.75,3.0,HARD,12.0,True,,,1,11.0,False
ZHO,24,41.0,96.695,30.827,42.096,23.772,3.0,HARD,13.0,True,,,1,11.0,False
ZHO,24,42.0,96.652,31.038,41.86,23.754,3.0,HARD,14.0,True,,,1,10.0,False
ZHO,24,43.0,96.771,30.877,42.071,23.823,3.0,HARD,15.0,True,,,1,10.0,False
ZHO,24,44.0,97.417,31.361,42.115,23.941,3.0,HARD,16.0,True,,,1,11.0,False
ZHO,24,45.0,96.68,30.867,41.919,23.894,3.0,HARD,17.0,True,,,1,11.0,False
ZHO,24,46.0,96.741,30.966,41.922,23.853,3.0,HARD,18.0,True,,,1,11.0,False
ZHO,24,47.0,96.561,30.934,41.792,23.835,3.0,HARD,19.0,True,,,1,11.0,False
ZHO,24,48.0,96.654,30.98,41.82,23.854,3.0,HARD,20.0,True,,,1,11.0,False
ZHO,24,49.0,96.72,30.9,41.995,23.825,3.0,HARD,21.0,True,,,1,11.0,False
ZHO,24,50.0,96.792,31.035,41.87,23.887,3.0,HARD,22.0,True,,,1,11.0,False
ZHO,24,51.0,97.042,31.065,42.026,23.951,3.0,HARD,23.0,True,,,1,11.0,False
ZHO,24,52.0,97.394,31.205,42.19,23.999,3.0,HARD,24.0,True,,,1,11.0,False
ZHO,24,53.0,97.141,31.11,42.136,23.895,3.0,HARD,25.0,True,,,1,11.0,False
ZHO,24,54.0,98.389,31.253,43.116,24.02,3.0,HARD,26.0,True,,,1,11.0,False
ZHO,24,55.0,97.383,31.123,42.185,24.075,3.0,HARD,27.0,True,,,1,11.0,False
ZHO,24,56.0,97.333,31.22,42.156,23.957,3.0,HARD,28.0,True,,,1,11.0,False
MAG,20,1.0,104.349,,44.375,24.212,1.0,SOFT,1.0,True,,,12,12.0,False
MAG,20,2.0,98.911,31.591,43.075,24.245,1.0,SOFT,2.0,True,,,1,12.0,False
MAG,20,3.0,98.399,30.969,43.118,24.312,1.0,SOFT,3.0,True,,,1,12.0,False
MAG,20,4.0,98.497,30.993,42.992,24.512,1.0,SOFT,4.0,True,,,1,12.0,False
MAG,20,5.0,98.576,31.066,43.108,24.402,1.0,SOFT,5.0,True,,,1,12.0,False
MAG,20,6.0,98.529,30.952,43.041,24.536,1.0,SOFT,6.0,True,,,1,12.0,False
MAG,20,7.0,100.058,32.132,43.112,24.814,1.0,SOFT,7.0,True,,,1,12.0,False
MAG,20,8.0,99.172,31.557,43.072,24.543,1.0,SOFT,8.0,True,,,1,12.0,False
MAG,20,9.0,98.861,31.383,42.932,24.546,1.0,SOFT,9.0,True,,,1,12.0,False
MAG,20,10.0,98.747,31.307,42.925,24.515,1.0,SOFT,10.0,True,,,12,12.0,False
MAG,20,11.0,101.088,31.311,42.714,27.063,1.0,SOFT,11.0,True,4693.697,,1,12.0,False
MAG,20,12.0,119.682,53.306,42.365,24.011,2.0,HARD,1.0,True,,4719.594,1,17.0,False
MAG,20,13.0,96.89,30.905,41.951,24.034,2.0,HARD,2.0,True,,,1,15.0,False
MAG,20,14.0,97.59,30.826,42.424,24.34,2.0,HARD,3.0,True,,,1,14.0,False
MAG,20,15.0,98.332,31.154,42.886,24.292,2.0,HARD,4.0,True,,,1,14.0,False
MAG,20,16.0,97.749,30.774,42.696,24.279,2.0,HARD,5.0,True,,,1,13.0,False
MAG,20,17.0,98.282,30.953,42.957,24.372,2.0,HARD,6.0,True,,,1,13.0,False
MAG,20,18.0,97.583,30.69,42.526,24.367,2.0,HARD,7.0,True,,,1,13.0,False
MAG,20,19.0,97.792,30.82,42.677,24.295,2.0,HARD,8.0,True,,,1,13.0,False
MAG,20,20.0,98.062,31.168,42.636,24.258,2.0,HARD,9.0,True,,,1,13.0,False
MAG,20,21.0,98.01,31.041,42.738,24.231,2.0,HARD,10.0,True,,,1,13.0,False
MAG,20,22.0,98.147,31.214,42.628,24.305,2.0,HARD,11.0,True,,,1,13.0,False
MAG,20,23.0,98.293,31.284,42.627,24.382,2.0,HARD,12.0,True,,,1,13.0,False
MAG,20,24.0,98.156,31.155,42.693,24.308,2.0,HARD,13.0,True,,,1,13.0,False
MAG,20,25.0,98.29,31.368,42.696,24.226,2.0,HARD,14.0,True,,,1,13.0,False
MAG,20,26.0,98.093,31.173,42.528,24.392,2.0,HARD,15.0,True,,,1,13.0,False
MAG,20,27.0,98.226,31.201,42.67,24.355,2.0,HARD,16.0,True,,,1,12.0,False
MAG,20,28.0,97.936,31.209,42.495,24.232,2.0,HARD,17.0,True,,,1,12.0,False
MAG,20,29.0,97.965,31.197,42.504,24.264,2.0,HARD,18.0,True,,,1,11.0,False
MAG,20,30.0,98.04,31.138,42.655,24.247,2.0,HARD,19.0,True,,,1,11.0,False
MAG,20,31.0,98.0,31.181,42.628,24.191,2.0,HARD,20.0,True,,,1,11.0,False
MAG,20,32.0,100.565,31.273,42.416,26.876,2.0,HARD,21.0,True,6775.425,,1,13.0,False
MAG,20,33.0,116.655,51.473,41.575,23.607,3.0,HARD,1.0,True,,6799.982,1,16.0,False
MAG,20,34.0,95.57,30.532,41.409,23.629,3.0,HARD,2.0,True,,,1,16.0,False
MAG,20,35.0,95.698,30.538,41.44,23.72,3.0,HARD,3.0,True,,,1,16.0,False
MAG,20,36.0,95.851,30.227,41.898,23.726,3.0,HARD,4.0,True,,,1,14.0,False
MAG,20,37.0,95.741,30.546,41.491,23.704,3.0,HARD,5.0,True,,,1,13.0,False
MAG,20,38.0,96.042,30.724,41.576,23.742,3.0,HARD,6.0,True,,,1,12.0,False
MAG,20,39.0,95.876,30.654,41.474,23.748,3.0,HARD,7.0,True,,,1,12.0,False
MAG,20,40.0,96.071,30.623,41.738,23.71,3.0,HARD,8.0,True,,,1,12.0,False
MAG,20,41.0,96.34,30.645,41.845,23.85,3.0,HARD,9.0,True,,,1,12.0,False
MAG,20,42.0,96.31,30.72,41.743,23.847,3.0,HARD,10.0,True,,,1,12.0,False
MAG,20,43.0,96.232,30.709,41.74,23.783,3.0,HARD,11.0,True,,,1,12.0,False
MAG,20,44.0,96.249,30.647,41.679,23.923,3.0,HARD,12.0,True,,,1,12.0,False
MAG,20,45.0,96.349,30.692,41.776,23.881,3.0,HARD,13.0,True,,,1,12.0,False
MAG,20,46.0,96.446,30.713,41.779,23.954,3.0,HARD,14.0,True,,,1,12.0,False
MAG,20,47.0,96.454,30.753,41.74,23.961,3.0,HARD,15.0,True,,,1,12.0,False
MAG,20,48.0,96.679,30.865,41.817,23.997,3.0,HARD,16.0,True,,,1,12.0,False
MAG,20,49.0,96.842,30.909,41.991,23.942,3.0,HARD,17.0,True,,,1,12.0,False
MAG,20,50.0,97.035,30.969,42.041,24.025,3.0,HARD,18.0,True,,,1,12.0,False
MAG,20,51.0,96.929,30.98,42.05,23.899,3.0,HARD,19.0,True,,,1,12.0,False
MAG,20,52.0,96.93,30.91,41.964,24.056,3.0,HARD,20.0,True,,,1,12.0,False
MAG,20,53.0,97.958,30.951,43.013,23.994,3.0,HARD,21.0,True,,,1,12.0,False
MAG,20,54.0,96.89,30.682,42.093,24.115,3.0,HARD,22.0,True,,,1,12.0,False
MAG,20,55.0,97.457,31.014,42.356,24.087,3.0,HARD,23.0,True,,,1,12.0,False
MAG,20,56.0,97.584,31.04,42.465,24.079,3.0,HARD,24.0,True,,,1,12.0,False
RIC,3,1.0,105.668,,43.159,24.451,1.0,SOFT,4.0,False,,,12,14.0,False
RIC,3,2.0,99.509,31.662,43.353,24.494,1.0,SOFT,5.0,False,,,1,15.0,False
RIC,3,3.0,98.76,30.965,43.32,24.475,1.0,SOFT,6.0,False,,,1,15.0,False
RIC,3,4.0,98.61,30.922,43.207,24.481,1.0,SOFT,7.0,False,,,1,15.0,False
RIC,3,5.0,98.704,30.98,43.2,24.524,1.0,SOFT,8.0,False,,,1,15.0,False
RIC,3,6.0,98.689,31.046,43.099,24.544,1.0,SOFT,9.0,False,,,1,15.0,False
RIC,3,7.0,99.193,31.372,43.289,24.532,1.0,SOFT,10.0,False,,,1,15.0,False
RIC,3,8.0,99.529,31.254,43.578,24.697,1.0,SOFT,11.0,False,,,1,15.0,False
RIC,3,9.0,99.338,31.173,43.519,24.646,1.0,SOFT,12.0,False,,,1,14.0,False
RIC,3,10.0,98.782,31.211,43.104,24.467,1.0,SOFT,13.0,False,,,12,13.0,False
RIC,3,11.0,99.033,31.472,43.08,24.481,1.0,SOFT,14.0,False,,,1,13.0,False
RIC,3,12.0,98.893,31.451,42.949,24.493,1.0,SOFT,15.0,False,,,1,10.0,False
RIC,3,13.0,102.173,31.46,42.967,27.746,1.0,SOFT,16.0,False,4895.789,,1,10.0,False
RIC,3,14.0,119.408,52.992,42.487,23.929,2.0,HARD,1.0,True,,4920.38,1,16.0,False
RIC,3,15.0,97.07,31.083,42.053,23.934,2.0,HARD,2.0,True,,,1,16.0,False
RIC,3,16.0,97.176,30.966,42.237,23.973,2.0,HARD,3.0,True,,,1,16.0,False
RIC,3,17.0,97.29,30.789,42.42,24.081,2.0,HARD,4.0,True,,,1,16.0,False
RIC,3,18.0,97.7,30.949,42.517,24.234,2.0,HARD,5.0,True,,,1,16.0,False
RIC,3,19.0,98.35,31.051,42.983,24.316,2.0,HARD,6.0,True,,,1,16.0,False
RIC,3,20.0,97.865,31.036,42.538,24.291,2.0,HARD,7.0,True,,,1,16.0,False
RIC,3,21.0,97.392,30.941,42.318,24.133,2.0,HARD,8.0,True,,,1,15.0,False
RIC,3,22.0,97.75,31.102,42.461,24.187,2.0,HARD,9.0,True,,,1,15.0,False
RIC,3,23.0,97.772,31.019,42.572,24.181,2.0,HARD,10.0,True,,,1,15.0,False
RIC,3,24.0,97.766,30.983,42.559,24.224,2.0,HARD,11.0,True,,,1,15.0,False
RIC,3,25.0,97.973,31.017,42.663,24.293,2.0,HARD,12.0,True,,,1,15.0,False
RIC,3,26.0,98.029,30.982,42.682,24.365,2.0,HARD,13.0,True,,,1,15.0,False
RIC,3,27.0,98.152,31.268,42.576,24.308,2.0,HARD,14.0,True,,,1,15.0,False
RIC,3,28.0,98.045,31.076,42.66,24.309,2.0,HARD,15.0,True,,,1,14.0,False
RIC,3,29.0,97.96,31.066,42.637,24.257,2.0,HARD,16.0,True,,,1,13.0,False
RIC,3,30.0,97.978,31.075,42.576,24.327,2.0,HARD,17.0,True,,,1,13.0,False
RIC,3,31.0,98.154,31.167,42.688,24.299,2.0,HARD,18.0,True,,,1,13.0,False
RIC,3,32.0,98.025,31.075,42.662,24.288,2.0,HARD,19.0,True,,,1,12.0,False
RIC,3,33.0,98.15,31.113,42.69,24.347,2.0,HARD,20.0,True,,,1,12.0,False
RIC,3,34.0,98.246,31.246,42.766,24.234,2.0,HARD,21.0,True,,,1,12.0,False
RIC,3,35.0,100.595,31.087,42.747,26.761,2.0,HARD,22.0,True,7072.253,,1,11.0,False
RIC,3,36.0,116.995,51.904,41.57,23.521,3.0,SOFT,1.0,True,,7097.022,1,16.0,False
RIC,3,37.0,95.163,30.422,41.226,23.515,3.0,SOFT,2.0,True,,,1,15.0,False
RIC,3,38.0,95.46,30.496,41.41,23.554,3.0,SOFT,3.0,True,,,1,15.0,False
RIC,3,39.0,95.475,30.559,41.392,23.524,3.0,SOFT,4.0,True,,,1,15.0,False
RIC,3,40.0,95.578,30.49,41.513,23.575,3.0,SOFT,5.0,True,,,1,15.0,False
RIC,3,41.0,95.644,30.564,41.478,23.602,3.0,SOFT,6.0,True,,,1,14.0,False
RIC,3,42.0,95.338,30.484,41.238,23.616,3.0,SOFT,7.0,True,,,1,14.0,False
RIC,3,43.0,95.56,30.537,41.389,23.634,3.0,SOFT,8.0,True,,,1,14.0,False
RIC,3,44.0,95.49,30.541,41.29,23.659,3.0,SOFT,9.0,True,,,1,14.0,False
RIC,3,45.0,95.57,30.497,41.402,23.671,3.0,SOFT,10.0,True,,,1,14.0,False
RIC,3,46.0,95.507,30.443,41.378,23.686,3.0,SOFT,11.0,True,,,1,14.0,False
RIC,3,47.0,95.831,30.566,41.534,23.731,3.0,SOFT,12.0,True,,,1,14.0,False
RIC,3,48.0,96.236,30.638,41.744,23.854,3.0,SOFT,13.0,True,,,1,14.0,False
RIC,3,49.0,96.442,30.63,41.795,24.017,3.0,SOFT,14.0,True,,,1,14.0,False
RIC,3,50.0,96.609,30.398,42.122,24.089,3.0,SOFT,15.0,True,,,1,14.0,False
RIC,3,51.0,97.103,30.775,42.193,24.135,3.0,SOFT,16.0,True,,,1,14.0,True
RIC,3,52.0,97.529,30.569,41.854,25.106,3.0,SOFT,17.0,True,,,1,13.0,False
RIC,3,53.0,96.745,30.797,41.954,23.994,3.0,SOFT,18.0,True,,,1,13.0,False
RIC,3,54.0,96.661,30.374,42.197,24.09,3.0,SOFT,19.0,True,,,1,13.0,False
RIC,3,55.0,97.375,30.713,42.581,24.081,3.0,SOFT,20.0,True,,,1,13.0,True
RIC,3,56.0,97.662,30.726,42.755,24.181,3.0,SOFT,21.0,True,,,1,13.0,True
TSU,22,1.0,103.485,,43.842,24.345,1.0,SOFT,1.0,True,,,12,10.0,False
TSU,22,2.0,98.689,31.675,42.717,24.297,1.0,SOFT,2.0,True,,,1,10.0,False
TSU,22,3.0,98.431,30.989,43.073,24.369,1.0,SOFT,3.0,True,,,1,10.0,False
TSU,22,4.0,98.31,31.025,42.992,24.293,1.0,SOFT,4.0,True,,,1,10.0,False
TSU,22,5.0,98.321,31.023,42.98,24.318,1.0,SOFT,5.0,True,,,1,10.0,False
TSU,22,6.0,98.361,31.132,42.949,24.28,1.0,SOFT,6.0,True,,,1,10.0,False
TSU,22,7.0,98.364,31.121,42.887,24.356,1.0,SOFT,7.0,True,,,1,10.0,False
TSU,22,8.0,98.513,31.298,42.871,24.344,1.0,SOFT,8.0,True,,,1,10.0,False
TSU,22,9.0,98.554,31.329,42.861,24.364,1.0,SOFT,9.0,True,,,1,10.0,False
TSU,22,10.0,98.912,31.476,43.062,24.374,1.0,SOFT,10.0,True,,,12,10.0,True
TSU,22,11.0,98.799,31.342,43.015,24.442,1.0,SOFT,11.0,True,,,1,10.0,False
TSU,22,12.0,98.769,31.398,43.001,24.37,1.0,SOFT,12.0,True,,,1,8.0,False
TSU,22,13.0,98.86,31.511,42.985,24.364,1.0,SOFT,13.0,True,,,1,5.0,False
TSU,22,14.0,101.138,31.394,42.967,26.777,1.0,SOFT,14.0,True,4986.054,,1,4.0,False
TSU,22,15.0,119.588,52.618,42.949,24.021,2.0,HARD,1.0,True,,5010.727,1,13.0,False
TSU,22,16.0,97.516,30.895,42.677,23.944,2.0,HARD,2.0,True,,,1,12.0,False
TSU,22,17.0,97.482,30.908,42.625,23.949,2.0,HARD,3.0,True,,,1,11.0,False
TSU,22,18.0,97.359,30.973,42.336,24.05,2.0,HARD,4.0,True,,,1,11.0,False
TSU,22,19.0,97.396,31.096,42.262,24.038,2.0,HARD,5.0,True,,,1,11.0,False
TSU,22,20.0,97.766,31.229,42.359,24.178,2.0,HARD,6.0,True,,,1,11.0,False
TSU,22,21.0,97.777,31.144,42.57,24.063,2.0,HARD,7.0,True,,,1,11.0,False
TSU,22,22.0,97.837,31.173,42.531,24.133,2.0,HARD,8.0,True,,,1,11.0,False
TSU,22,23.0,97.671,31.096,42.405,24.17,2.0,HARD,9.0,True,,,1,11.0,False
TSU,22,24.0,97.634,31.145,42.276,24.213,2.0,HARD,10.0,True,,,1,11.0,False
TSU,22,25.0,97.851,31.05,42.613,24.188,2.0,HARD,11.0,True,,,1,11.0,False
TSU,22,26.0,98.058,31.252,42.54,24.266,2.0,HARD,12.0,True,,,1,11.0,False
TSU,22,27.0,98.083,31.195,42.468,24.42,2.0,HARD,13.0,True,,,1,11.0,True
TSU,22,28.0,98.164,31.266,42.608,24.29,2.0,HARD,14.0,True,,,1,10.0,False
TSU,22,29.0,97.777,31.161,42.542,24.074,2.0,HARD,15.0,True,,,1,10.0,False
TSU,22,30.0,97.477,31.158,42.314,24.005,2.0,HARD,16.0,True,,,1,10.0,False
TSU,22,31.0,97.468,31.151,42.349,23.968,2.0,HARD,17.0,True,,,1,10.0,False
TSU,22,32.0,97.847,31.448,42.329,24.07,2.0,HARD,18.0,True,,,1,10.0,False
TSU,22,33.0,97.498,31.221,42.222,24.055,2.0,HARD,19.0,True,,,1,10.0,False
TSU,22,34.0,100.835,31.415,42.711,26.709,2.0,HARD,20.0,True,6965.032,,1,10.0,False
TSU,22,35.0,117.417,52.138,41.771,23.508,3.0,HARD,1.0,True,,6989.63,1,15.0,False
TSU,22,36.0,97.706,31.984,41.954,23.768,3.0,HARD,2.0,True,,,1,15.0,False
TSU,22,37.0,95.833,30.48,41.686,23.667,3.0,HARD,3.0,True,,,1,14.0,False
TSU,22,38.0,97.046,30.732,42.39,23.924,3.0,HARD,4.0,True,,,1,13.0,False
TSU,22,39.0,96.125,30.733,41.684,23.708,3.0,HARD,5.0,True,,,1,13.0,False
TSU,22,40.0,96.263,30.886,41.751,23.626,3.0,HARD,6.0,True,,,1,13.0,False
TSU,22,41.0,96.179,30.801,41.719,23.659,3.0,HARD,7.0,True,,,1,13.0,False
TSU,22,42.0,95.981,30.697,41.532,23.752,3.0,HARD,8.0,True,,,1,13.0,False
TSU,22,43.0,95.956,30.713,41.533,23.71,3.0,HARD,9.0,True,,,1,13.0,False
TSU,22,44.0,96.144,30.776,41.594,23.774,3.0,HARD,10.0,True,,,1,13.0,False
TSU,22,45.0,95.964,30.648,41.47,23.846,3.0,HARD,11.0,True,,,1,13.0,False
TSU,22,46.0,96.187,30.807,41.593,23.787,3.0,HARD,12.0,True,,,1,13.0,False
TSU,22,47.0,96.396,30.794,41.765,23.837,3.0,HARD,13.0,True,,,1,13.0,False
TSU,22,48.0,96.554,30.848,41.679,24.027,3.0,HARD,14.0,True,,,1,13.0,False
TSU,22,49.0,96.695,30.67,42.043,23.982,3.0,HARD,15.0,True,,,1,13.0,False
TSU,22,50.0,96.827,30.762,42.171,23.894,3.0,HARD,16.0,True,,,1,13.0,False
TSU,22,51.0,97.067,30.949,42.066,24.052,3.0,HARD,17.0,True,,,1,13.0,False
TSU,22,52.0,99.042,31.511,43.537,23.994,3.0,HARD,18.0,True,,,1,14.0,False
TSU,22,53.0,96.838,30.739,42.138,23.961,3.0,HARD,19.0,True,,,1,14.0,False
TSU,22,54.0,96.672,30.741,41.883,24.048,3.0,HARD,20.0,True,,,1,14.0,False
TSU,22,55.0,97.269,30.81,42.254,24.205,3.0,HARD,21.0,True,,,1,14.0,False
TSU,22,56.0,97.473,30.742,42.53,24.201,3.0,HARD,22.0,True,,,1,14.0,False
ALB,23,1.0,103.888,,44.007,24.378,1.0,SOFT,1.0,True,,,12,11.0,False
ALB,23,2.0,98.826,31.419,43.106,24.301,1.0,SOFT,2.0,True,,,1,11.0,False
ALB,23,3.0,98.507,31.002,43.081,24.424,1.0,SOFT,3.0,True,,,1,11.0,False
ALB,23,4.0,98.422,31.023,43.007,24.392,1.0,SOFT,4.0,True,,,1,11.0,False
ALB,23,5.0,98.509,31.049,43.027,24.433,1.0,SOFT,5.0,True,,,1,11.0,False
ALB,23,6.0,98.575,31.034,43.141,24.4,1.0,SOFT,6.0,True,,,1,11.0,False
ALB,23,7.0,98.971,31.498,43.186,24.287,1.0,SOFT,7.0,True,,,1,11.0,False
ALB,23,8.0,98.66,31.493,42.899,24.268,1.0,SOFT,8.0,True,,,1,11.0,False
ALB,23,9.0,98.652,31.458,42.976,24.218,1.0,SOFT,9.0,True,,,1,11.0,False
ALB,23,10.0,98.952,31.624,42.955,24.373,1.0,SOFT,10.0,True,,,12,11.0,False
ALB,23,11.0,98.835,31.49,42.923,24.422,1.0,SOFT,11.0,True,,,1,11.0,False
ALB,23,12.0,98.934,31.51,43.065,24.359,1.0,SOFT,12.0,True,,,1,9.0,False
ALB,23,13.0,98.823,31.569,42.884,24.37,1.0,SOFT,13.0,True,,,1,6.0,False
ALB,23,14.0,98.977,31.598,42.931,24.448,1.0,SOFT,14.0,True,,,1,5.0,False
ALB,23,15.0,101.171,31.51,42.741,26.92,1.0,SOFT,15.0,True,5087.139,,1,5.0,False
ALB,23,16.0,119.341,52.731,42.591,24.019,2.0,HARD,1.0,True,,5111.918,1,15.0,False
ALB,23,17.0,97.392,30.812,42.564,24.016,2.0,HARD,2.0,True,,,1,14.0,False
ALB,23,18.0,97.59,31.214,42.369,24.007,2.0,HARD,3.0,True,,,1,14.0,False
ALB,23,19.0,97.763,31.357,42.448,23.958,2.0,HARD,4.0,True,,,1,14.0,False
ALB,23,20.0,97.701,31.328,42.379,23.994,2.0,HARD,5.0,True,,,1,14.0,False
ALB,23,21.0,97.918,31.227,42.44,24.251,2.0,HARD,6.0,True,,,1,14.0,False
ALB,23,22.0,98.031,31.199,42.733,24.099,2.0,HARD,7.0,True,,,1,14.0,False
ALB,23,23.0,97.869,31.296,42.361,24.212,2.0,HARD,8.0,True,,,1,14.0,False
ALB,23,24.0,98.204,31.035,42.857,24.312,2.0,HARD,9.0,True,,,1,14.0,False
ALB,23,25.0,98.226,31.095,42.952,24.179,2.0,HARD,10.0,True,,,1,14.0,False
ALB,23,26.0,98.1,31.041,42.821,24.238,2.0,HARD,11.0,True,,,1,14.0,False
ALB,23,27.0,98.296,31.029,43.069,24.198,2.0,HARD,12.0,True,,,1,14.0,False
ALB,23,28.0,98.048,31.108,42.692,24.248,2.0,HARD,13.0,True,,,1,13.0,False
ALB,23,29.0,97.879,31.127,42.585,24.167,2.0,HARD,14.0,True,,,1,12.0,False
ALB,23,30.0,97.968,31.045,42.634,24.289,2.0,HARD,15.0,True,,,1,12.0,False
ALB,23,31.0,98.135,31.093,42.811,24.231,2.0,HARD,16.0,True,,,1,12.0,False
ALB,23,32.0,98.183,31.143,42.707,24.333,2.0,HARD,17.0,True,,,1,11.0,False
ALB,23,33.0,98.346,31.537,42.677,24.132,2.0,HARD,18.0,True,,,1,11.0,False
ALB,23,34.0,97.75,31.413,42.368,23.969,2.0,HARD,19.0,True,,,1,11.0,False
ALB,23,35.0,97.767,31.295,42.496,23.976,2.0,HARD,20.0,True,,,1,10.0,False
ALB,23,36.0,100.333,31.337,42.433,26.563,2.0,HARD,21.0,True,7167.973,,1,10.0,False
ALB,23,37.0,117.632,52.093,41.867,23.672,3.0,HARD,1.0,True,,7192.655,1,16.0,False
ALB,23,38.0,96.129,30.735,41.742,23.652,3.0,HARD,2.0,True,,,1,16.0,False
ALB,23,39.0,95.856,30.737,41.65,23.469,3.0,HARD,3.0,True,,,1,16.0,False
ALB,23,40.0,95.723,30.707,41.503,23.513,3.0,HARD,4.0,True,,,1,16.0,False
ALB,23,41.0,95.885,30.746,41.557,23.582,3.0,HARD,5.0,True,,,1,16.0,False
ALB,23,42.0,95.799,30.759,41.498,23.542,3.0,HARD,6.0,True,,,1,15.0,False
ALB,23,43.0,95.766,30.76,41.472,23.534,3.0,HARD,7.0,True,,,1,15.0,False
ALB,23,44.0,95.783,30.683,41.497,23.603,3.0,HARD,8.0,True,,,1,15.0,False
ALB,23,45.0,95.758,30.607,41.495,23.656,3.0,HARD,9.0,True,,,1,15.0,False
ALB,23,46.0,96.008,30.685,41.635,23.688,3.0,HARD,10.0,True,,,1,15.0,False
ALB,23,47.0,96.026,30.827,41.57,23.629,3.0,HARD,11.0,True,,,1,15.0,True
ALB,23,48.0,96.135,30.823,41.628,23.684,3.0,HARD,12.0,True,,,1,15.0,False
ALB,23,49.0,97.102,30.816,42.435,23.851,3.0,HARD,13.0,True,,,1,15.0,True
ALB,23,50.0,97.616,31.683,42.121,23.812,3.0,HARD,14.0,True,,,1,15.0,False
ALB,23,51.0,97.493,30.773,42.878,23.842,3.0,HARD,15.0,True,,,1,15.0,False
ALB,23,52.0,96.218,30.895,41.58,23.743,3.0,HARD,16.0,True,,,1,15.0,False
ALB,23,53.0,96.308,30.817,41.683,23.808,3.0,HARD,17.0,True,,,1,15.0,False
ALB,23,54.0,96.334,30.799,41.741,23.794,3.0,HARD,18.0,True,,,1,15.0,False
ALB,23,55.0,96.593,30.861,41.91,23.822,3.0,HARD,19.0,True,,,1,15.0,False
ALB,23,56.0,96.922,30.875,42.085,23.962,3.0,HARD,20.0,True,,,1,15.0,False
HUL,27,1.0,113.555,,45.619,27.692,1.0,SOFT,1.0,True,3712.101,,12,20.0,False
HUL,27,2.0,130.911,64.092,42.838,23.981,2.0,HARD,1.0,True,,3748.664,1,20.0,False
HUL,27,3.0,97.317,30.97,42.434,23.913,2.0,HARD,2.0,True,,,1,20.0,False
HUL,27,4.0,97.349,30.901,42.469,23.979,2.0,HARD,3.0,True,,,1,20.0,False
HUL,27,5.0,97.663,30.928,42.706,24.029,2.0,HARD,4.0,True,,,1,20.0,False
HUL,27,6.0,97.896,31.013,42.852,24.031,2.0,HARD,5.0,True,,,1,20.0,False
HUL,27,7.0,97.682,30.976,42.75,23.956,2.0,HARD,6.0,True,,,1,20.0,False
HUL,27,8.0,97.82,31.038,42.737,24.045,2.0,HARD,7.0,True,,,1,20.0,False
HUL,27,9.0,97.883,31.041,42.691,24.151,2.0,HARD,8.0,True,,,12,20.0,False
HUL,27,10.0,98.37,31.372,42.839,24.159,2.0,HARD,9.0,True,,,21,19.0,False
HUL,27,11.0,97.638,31.0,42.573,24.065,2.0,HARD,10.0,True,,,1,19.0,False
HUL,27,12.0,97.706,30.977,42.629,24.1,2.0,HARD,11.0,True,,,1,19.0,False
HUL,27,13.0,97.801,31.025,42.677,24.099,2.0,HARD,12.0,True,,,1,17.0,False
HUL,27,14.0,97.879,30.998,42.63,24.251,2.0,HARD,13.0,True,,,1,17.0,False
HUL,27,15.0,98.11,31.168,42.609,24.333,2.0,HARD,14.0,True,,,1,17.0,False
HUL,27,16.0,97.796,31.184,42.535,24.077,2.0,HARD,15.0,True,,,1,17.0,False
HUL,27,17.0,97.891,31.181,42.572,24.138,2.0,HARD,16.0,True,,,1,17.0,False
HUL,27,18.0,98.216,31.05,42.946,24.22,2.0,HARD,17.0,True,,,1,17.0,False
HUL,27,19.0,97.862,31.07,42.542,24.25,2.0,HARD,18.0,True,,,1,17.0,False
HUL,27,20.0,100.798,31.287,42.578,26.933,2.0,HARD,19.0,True,5606.755,,1,19.0,False
HUL,27,21.0,118.699,51.92,42.869,23.91,3.0,HARD,1.0,True,,5631.368,1,19.0,False
HUL,27,22.0,96.858,30.754,42.343,23.761,3.0,HARD,2.0,True,,,1,19.0,False
HUL,27,23.0,96.725,30.667,42.271,23.787,3.0,HARD,3.0,True,,,1,19.0,False
HUL,27,24.0,96.626,30.673,42.224,23.729,3.0,HARD,4.0,True,,,1,19.0,False
HUL,27,25.0,96.652,30.667,42.124,23.861,3.0,HARD,5.0,True,,,1,19.0,False
HUL,27,26.0,96.548,30.619,42.152,23.777,3.0,HARD,6.0,True,,,1,19.0,False
HUL,27,27.0,96.647,30.719,41.983,23.945,3.0,HARD,7.0,True,,,1,19.0,False
HUL,27,28.0,97.254,31.001,42.31,23.943,3.0,HARD,8.0,True,,,1,19.0,False
HUL,27,29.0,96.837,30.844,42.049,23.944,3.0,HARD,9.0,True,,,1,19.0,False
HUL,27,30.0,96.691,30.738,41.973,23.98,3.0,HARD,10.0,True,,,1,19.0,False
HUL,27,31.0,96.578,30.717,41.966,23.895,3.0,HARD,11.0,True,,,1,17.0,False
HUL,27,32.0,96.935,30.961,41.987,23.987,3.0,HARD,12.0,True,,,1,16.0,False
HUL,27,33.0,96.784,30.819,41.983,23.982,3.0,HARD,13.0,True,,,1,15.0,False
HUL,27,34.0,96.692,30.777,41.947,23.968,3.0,HARD,14.0,True,,,1,15.0,False
HUL,27,35.0,96.959,30.812,42.04,24.107,3.0,HARD,15.0,True,,,1,14.0,False
HUL,27,36.0,96.795,30.86,41.931,24.004,3.0,HARD,16.0,True,,,1,13.0,False
HUL,27,37.0,96.723,30.847,41.94,23.936,3.0,HARD,17.0,True,,,1,12.0,False
HUL,27,38.0,100.083,32.593,42.653,24.837,3.0,HARD,18.0,True,,,1,14.0,False
HUL,27,39.0,97.476,30.911,42.495,24.07,3.0,HARD,19.0,True,,,1,14.0,False
HUL,27,40.0,97.088,30.911,42.126,24.051,3.0,HARD,20.0,True,,,1,14.0,False
HUL,27,41.0,99.569,30.889,42.038,26.642,3.0,HARD,21.0,True,7667.947,,1,15.0,False
HUL,27,42.0,116.108,50.894,41.664,23.55,4.0,SOFT,2.0,False,,7692.28,1,18.0,False
HUL,27,43.0,95.76,30.369,41.852,23.539,4.0,SOFT,3.0,False,,,1,18.0,False
HUL,27,44.0,95.59,30.232,41.871,23.487,4.0,SOFT,4.0,False,,,1,17.0,False
HUL,27,45.0,95.119,30.234,41.321,23.564,4.0,SOFT,5.0,False,,,1,17.0,False
HUL,27,46.0,94.834,30.17,41.145,23.519,4.0,SOFT,6.0,False,,,1,17.0,False
HUL,27,47.0,95.226,30.362,41.251,23.613,4.0,SOFT,7.0,False,,,1,17.0,False
HUL,27,48.0,95.146,30.228,41.355,23.563,4.0,SOFT,8.0,False,,,1,17.0,False
HUL,27,49.0,95.494,30.323,41.489,23.682,4.0,SOFT,9.0,False,,,1,17.0,False
HUL,27,50.0,95.167,30.13,41.402,23.635,4.0,SOFT,10.0,False,,,1,16.0,False
HUL,27,51.0,95.529,30.411,41.374,23.744,4.0,SOFT,11.0,False,,,1,16.0,False
HUL,27,52.0,95.921,30.525,41.612,23.784,4.0,SOFT,12.0,False,,,1,16.0,False
HUL,27,53.0,95.994,30.629,41.595,23.77,4.0,SOFT,13.0,False,,,1,16.0,False
HUL,27,54.0,95.786,30.557,41.436,23.793,4.0,SOFT,14.0,False,,,1,16.0,False
HUL,27,55.0,95.736,30.629,41.384,23.723,4.0,SOFT,15.0,False,,,1,16.0,False
HUL,27,56.0,95.602,30.546,41.304,23.752,4.0,SOFT,16.0,False,,,1,16.0,False
OCO,31,1.0,106.657,,43.42,24.385,1.0,SOFT,1.0,True,,,12,16.0,False
OCO,31,2.0,99.094,32.005,42.719,24.37,1.0,SOFT,2.0,True,,,1,16.0,False
OCO,31,3.0,98.771,31.255,43.007,24.509,1.0,SOFT,3.0,True,,,1,16.0,False
OCO,31,4.0,98.625,31.246,42.915,24.464,1.0,SOFT,4.0,True,,,1,16.0,False
OCO,31,5.0,98.64,31.171,42.891,24.578,1.0,SOFT,5.0,True,,,1,16.0,False
OCO,31,6.0,98.874,31.245,42.978,24.651,1.0,SOFT,6.0,True,,,1,16.0,False
OCO,31,7.0,99.152,31.404,43.089,24.659,1.0,SOFT,7.0,True,,,1,16.0,False
OCO,31,8.0,99.422,31.252,43.382,24.788,1.0,SOFT,8.0,True,,,1,16.0,False
OCO,31,9.0,99.312,31.189,43.409,24.714,1.0,SOFT,9.0,True,,,1,15.0,False
OCO,31,10.0,101.642,31.308,42.956,27.378,1.0,SOFT,10.0,True,4598.837,,12,16.0,False
OCO,31,11.0,119.014,52.676,42.347,23.991,2.0,HARD,1.0,True,,4623.528,1,18.0,False
OCO,31,12.0,97.599,31.175,42.399,24.025,2.0,HARD,2.0,True,,,1,18.0,False
OCO,31,13.0,97.363,31.319,42.14,23.904,2.0,HARD,3.0,True,,,1,16.0,False
OCO,31,14.0,97.537,31.174,42.329,24.034,2.0,HARD,4.0,True,,,1,15.0,False
OCO,31,15.0,97.843,31.282,42.383,24.178,2.0,HARD,5.0,True,,,1,15.0,False
OCO,31,16.0,97.902,31.35,42.448,24.104,2.0,HARD,6.0,True,,,1,14.0,False
OCO,31,17.0,98.911,31.653,43.083,24.175,2.0,HARD,7.0,True,,,1,15.0,False
OCO,31,18.0,98.12,31.12,42.845,24.155,2.0,HARD,8.0,True,,,1,15.0,False
OCO,31,19.0,98.332,31.57,42.478,24.284,2.0,HARD,9.0,True,,,1,15.0,False
OCO,31,20.0,98.185,31.445,42.472,24.268,2.0,HARD,10.0,True,,,1,15.0,False
OCO,31,21.0,99.363,31.9,43.094,24.369,2.0,HARD,11.0,True,,,1,16.0,False
OCO,31,22.0,98.655,31.553,42.777,24.325,2.0,HARD,12.0,True,,,1,16.0,False
OCO,31,23.0,98.407,31.49,42.677,24.24,2.0,HARD,13.0,True,,,1,16.0,False
OCO,31,24.0,98.42,31.474,42.691,24.255,2.0,HARD,14.0,True,,,1,16.0,False
OCO,31,25.0,98.494,31.546,42.7,24.248,2.0,HARD,15.0,True,,,1,16.0,False
OCO,31,26.0,98.665,31.521,42.891,24.253,2.0,HARD,16.0,True,,,1,16.0,False
OCO,31,27.0,98.549,31.543,42.749,24.257,2.0,HARD,17.0,True,,,1,16.0,False
OCO,31,28.0,98.372,31.492,42.678,24.202,2.0,HARD,18.0,True,,,1,15.0,False
OCO,31,29.0,98.556,31.562,42.663,24.331,2.0,HARD,19.0,True,,,1,14.0,False
OCO,31,30.0,101.21,31.546,42.7,26.964,2.0,HARD,20.0,True,6588.158,,1,14.0,False
OCO,31,31.0,119.322,52.935,42.397,23.99,3.0,HARD,1.0,True,,6613.288,1,18.0,False
OCO,31,32.0,96.887,31.059,41.959,23.869,3.0,HARD,2.0,True,,,1,17.0,False
OCO,31,33.0,96.704,30.989,41.875,23.84,3.0,HARD,3.0,True,,,1,17.0,False
OCO,31,34.0,96.226,30.898,41.549,23.779,3.0,HARD,4.0,True,,,1,17.0,False
OCO,31,35.0,96.354,31.008,41.594,23.752,3.0,HARD,5.0,True,,,1,17.0,False
OCO,31,36.0,97.229,31.212,42.148,23.869,3.0,HARD,6.0,True,,,1,17.0,False
OCO,31,37.0,96.58,31.059,41.755,23.766,3.0,HARD,7.0,True,,,1,17.0,False
OCO,31,38.0,96.814,31.07,41.869,23.875,3.0,HARD,8.0,True,,,1,17.0,False
OCO,31,39.0,96.552,31.088,41.717,23.747,3.0,HARD,9.0,True,,,1,17.0,False
OCO,31,40.0,96.608,31.053,41.754,23.801,3.0,HARD,10.0,True,,,1,17.0,False
OCO,31,41.0,96.621,31.034,41.826,23.761,3.0,HARD,11.0,True,,,1,17.0,False
OCO,31,42.0,96.592,31.025,41.766,23.801,3.0,HARD,12.0,True,,,1,16.0,False
OCO,31,43.0,96.679,31.035,41.852,23.792,3.0,HARD,13.0,True,,,1,16.0,False
OCO,31,44.0,96.649,31.094,41.772,23.783,3.0,HARD,14.0,True,,,1,16.0,False
OCO,31,45.0,98.049,31.188,43.027,23.834,3.0,HARD,15.0,True,,,1,16.0,False
OCO,31,46.0,96.975,31.151,42.048,23.776,3.0,HARD,16.0,True,,,1,16.0,False
OCO,31,47.0,96.656,31.026,41.861,23.769,3.0,HARD,17.0,True,,,1,16.0,False
OCO,31,48.0,97.117,31.177,42.045,23.895,3.0,HARD,18.0,True,,,1,16.0,False
OCO,31,49.0,97.726,31.483,42.304,23.939,3.0,HARD,19.0,True,,,1,16.0,False
OCO,31,50.0,97.784,31.552,42.293,23.939,3.0,HARD,20.0,True,,,1,17.0,False
OCO,31,51.0,97.091,31.083,42.138,23.87,3.0,HARD,21.0,True,,,1,17.0,False
OCO,31,52.0,98.631,31.094,42.116,25.421,3.0,HARD,22.0,True,,,1,17.0,False
OCO,31,53.0,97.145,31.023,42.181,23.941,3.0,HARD,23.0,True,,,1,17.0,False
OCO,31,54.0,98.707,32.402,42.373,23.932,3.0,HARD,24.0,True,,,1,17.0,False
OCO,31,55.0,97.393,31.146,42.266,23.981,3.0,HARD,25.0,True,,,1,17.0,False
OCO,31,56.0,97.415,31.133,42.224,24.058,3.0,HARD,26.0,True,,,1,17.0,False
GAS,10,1.0,107.24,,43.704,24.393,1.0,SOFT,1.0,True,,,12,17.0,False
GAS,10,2.0,99.059,31.86,42.743,24.456,1.0,SOFT,2.0,True,,,1,17.0,False
GAS,10,3.0,98.744,31.254,42.848,24.642,1.0,SOFT,3.0,True,,,1,17.0,False
GAS,10,4.0,98.503,31.305,42.705,24.493,1.0,SOFT,4.0,True,,,1,17.0,False
GAS,10,5.0,98.664,31.344,42.718,24.602,1.0,SOFT,5.0,True,,,1,17.0,False
GAS,10,6.0,99.099,31.457,42.995,24.647,1.0,SOFT,6.0,True,,,1,17.0,False
GAS,10,7.0,99.078,31.353,43.11,24.615,1.0,SOFT,7.0,True,,,1,17.0,False
GAS,10,8.0,99.287,31.21,43.311,24.766,1.0,SOFT,8.0,True,,,1,17.0,False
GAS,10,9.0,99.452,31.4,43.321,24.731,1.0,SOFT,9.0,True,,,1,17.0,False
GAS,10,10.0,98.929,31.383,43.016,24.53,1.0,SOFT,10.0,True,,,12,14.0,False
GAS,10,11.0,98.656,31.329,42.886,24.441,1.0,SOFT,11.0,True,,,1,14.0,False
GAS,10,12.0,101.456,31.328,42.787,27.341,1.0,SOFT,12.0,True,4796.823,,1,12.0,False
GAS,10,13.0,124.565,57.71,42.728,24.127,2.0,HARD,1.0,True,,4826.625,1,18.0,False
GAS,10,14.0,97.689,31.44,42.233,24.016,2.0,HARD,2.0,True,,,1,19.0,False
GAS,10,15.0,97.492,30.978,42.383,24.131,2.0,HARD,3.0,True,,,1,19.0,False
GAS,10,16.0,97.521,30.874,42.396,24.251,2.0,HARD,4.0,True,,,1,19.0,False
GAS,10,17.0,97.949,31.153,42.548,24.248,2.0,HARD,5.0,True,,,1,19.0,False
GAS,10,18.0,97.791,30.98,42.45,24.361,2.0,HARD,6.0,True,,,1,19.0,False
GAS,10,19.0,97.702,30.968,42.47,24.264,2.0,HARD,7.0,True,,,1,19.0,False
GAS,10,20.0,98.036,31.193,42.487,24.356,2.0,HARD,8.0,True,,,1,18.0,False
GAS,10,21.0,98.094,31.173,42.541,24.38,2.0,HARD,9.0,True,,,1,18.0,False
GAS,10,22.0,97.868,31.145,42.536,24.187,2.0,HARD,10.0,True,,,1,18.0,False
GAS,10,23.0,98.104,31.195,42.586,24.323,2.0,HARD,11.0,True,,,1,18.0,False
GAS,10,24.0,98.192,31.232,42.57,24.39,2.0,HARD,12.0,True,,,1,18.0,False
GAS,10,25.0,98.16,31.096,42.716,24.348,2.0,HARD,13.0,True,,,1,18.0,False
GAS,10,26.0,98.379,31.256,42.673,24.45,2.0,HARD,14.0,True,,,1,18.0,False
GAS,10,27.0,98.4,31.171,42.747,24.482,2.0,HARD,15.0,True,,,1,18.0,False
GAS,10,28.0,98.615,31.351,42.788,24.476,2.0,HARD,16.0,True,,,1,17.0,False
GAS,10,29.0,98.55,31.301,42.807,24.442,2.0,HARD,17.0,True,,,1,16.0,False
GAS,10,30.0,98.832,31.368,42.942,24.522,2.0,HARD,18.0,True,,,1,15.0,False
GAS,10,31.0,100.432,31.182,42.455,26.795,2.0,HARD,19.0,True,6689.011,,1,16.0,False
GAS,10,32.0,119.77,53.98,41.978,23.812,3.0,HARD,1.0,True,,6715.547,1,18.0,False
GAS,10,33.0,96.112,30.887,41.506,23.719,3.0,HARD,2.0,True,,,1,18.0,False
GAS,10,34.0,96.622,31.142,41.747,23.733,3.0,HARD,3.0,True,,,1,18.0,False
GAS,10,35.0,96.313,31.058,41.573,23.682,3.0,HARD,4.0,True,,,1,18.0,False
GAS,10,36.0,96.45,31.034,41.612,23.804,3.0,HARD,5.0,True,,,1,18.0,False
GAS,10,37.0,96.629,31.148,41.595,23.886,3.0,HARD,6.0,True,,,1,18.0,False
GAS,10,38.0,96.802,31.122,41.764,23.916,3.0,HARD,7.0,True,,,1,18.0,False
GAS,10,39.0,96.537,31.022,41.7,23.815,3.0,HARD,8.0,True,,,1,18.0,False
GAS,10,40.0,96.742,31.023,41.793,23.926,3.0,HARD,9.0,True,,,1,18.0,False
GAS,10,41.0,96.571,30.968,41.751,23.852,3.0,HARD,10.0,True,,,1,18.0,False
GAS,10,42.0,96.631,30.98,41.74,23.911,3.0,HARD,11.0,True,,,1,17.0,False
GAS,10,43.0,99.291,31.165,41.852,26.274,3.0,HARD,12.0,True,7873.617,,1,17.0,False
GAS,10,44.0,116.481,51.887,41.099,23.495,4.0,SOFT,1.0,True,,7898.724,1,18.0,True
GAS,10,45.0,94.805,30.509,40.913,23.383,4.0,SOFT,2.0,True,,,1,18.0,False
GAS,10,46.0,95.293,30.758,41.137,23.398,4.0,SOFT,3.0,True,,,1,18.0,False
GAS,10,47.0,95.341,30.735,41.065,23.541,4.0,SOFT,4.0,True,,,1,18.0,False
GAS,10,48.0,95.411,30.776,41.156,23.479,4.0,SOFT,5.0,True,,,1,18.0,False
GAS,10,49.0,95.511,30.71,41.288,23.513,4.0,SOFT,6.0,True,,,1,18.0,False
GAS,10,50.0,95.228,30.647,41.016,23.565,4.0,SOFT,7.0,True,,,1,18.0,False
GAS,10,51.0,95.334,30.673,41.111,23.55,4.0,SOFT,8.0,True,,,1,18.0,False
GAS,10,52.0,95.511,30.714,41.158,23.639,4.0,SOFT,9.0,True,,,1,18.0,False
GAS,10,53.0,95.389,30.6,41.223,23.566,4.0,SOFT,10.0,True,,,1,18.0,False
GAS,10,54.0,95.853,30.833,41.349,23.671,4.0,SOFT,11.0,True,,,1,18.0,False
GAS,10,55.0,95.908,30.912,41.329,23.667,4.0,SOFT,12.0,True,,,1,18.0,True
GAS,10,56.0,96.086,30.888,41.288,23.91,4.0,SOFT,13.0,True,,,1,18.0,False
BOT,77,1.0,108.536,,43.737,24.122,1.0,SOFT,1.0,True,,,12,18.0,False
BOT,77,2.0,98.259,31.351,42.663,24.245,1.0,SOFT,2.0,True,,,1,18.0,False
BOT,77,3.0,98.837,31.119,43.321,24.397,1.0,SOFT,3.0,True,,,1,18.0,False
BOT,77,4.0,98.643,31.127,43.121,24.395,1.0,SOFT,4.0,True,,,1,18.0,False
BOT,77,5.0,100.087,31.083,44.295,24.709,1.0,SOFT,5.0,True,,,1,19.0,False
BOT,77,6.0,99.206,31.184,43.504,24.518,1.0,SOFT,6.0,True,,,1,19.0,False
BOT,77,7.0,98.654,31.034,43.072,24.548,1.0,SOFT,7.0,True,,,1,19.0,False
BOT,77,8.0,98.968,30.959,43.356,24.653,1.0,SOFT,8.0,True,,,1,19.0,False
BOT,77,9.0,99.425,31.373,43.349,24.703,1.0,SOFT,9.0,True,,,1,18.0,False
BOT,77,10.0,99.112,31.409,43.189,24.514,1.0,SOFT,10.0,True,,,12,15.0,False
BOT,77,11.0,99.187,31.524,43.182,24.481,1.0,SOFT,11.0,True,,,1,15.0,False
BOT,77,12.0,103.145,31.822,43.874,27.449,1.0,SOFT,12.0,True,4800.495,,1,14.0,False
BOT,77,13.0,121.081,54.41,42.543,24.128,2.0,HARD,1.0,True,,4827.061,1,19.0,False
BOT,77,14.0,96.454,30.501,42.067,23.886,2.0,HARD,2.0,True,,,1,18.0,False
BOT,77,15.0,97.287,31.063,42.254,23.97,2.0,HARD,3.0,True,,,1,18.0,False
BOT,77,16.0,97.718,31.204,42.422,24.092,2.0,HARD,4.0,True,,,1,18.0,False
BOT,77,17.0,97.765,31.183,42.454,24.128,2.0,HARD,5.0,True,,,1,18.0,False
BOT,77,18.0,97.918,31.142,42.597,24.179,2.0,HARD,6.0,True,,,1,18.0,False
BOT,77,19.0,97.662,30.897,42.483,24.282,2.0,HARD,7.0,True,,,1,18.0,False
BOT,77,20.0,98.285,31.078,42.852,24.355,2.0,HARD,8.0,True,,,1,17.0,False
BOT,77,21.0,97.73,31.02,42.534,24.176,2.0,HARD,9.0,True,,,1,17.0,False
BOT,77,22.0,97.998,31.34,42.454,24.204,2.0,HARD,10.0,True,,,1,17.0,False
BOT,77,23.0,98.18,31.375,42.575,24.23,2.0,HARD,11.0,True,,,1,17.0,False
BOT,77,24.0,98.146,31.186,42.705,24.255,2.0,HARD,12.0,True,,,1,17.0,False
BOT,77,25.0,98.262,31.299,42.697,24.266,2.0,HARD,13.0,True,,,1,17.0,False
BOT,77,26.0,98.308,31.266,42.752,24.29,2.0,HARD,14.0,True,,,1,17.0,False
BOT,77,27.0,98.426,31.325,42.741,24.36,2.0,HARD,15.0,True,,,1,17.0,False
BOT,77,28.0,98.595,31.285,42.889,24.421,2.0,HARD,16.0,True,,,1,16.0,False
BOT,77,29.0,98.654,31.344,42.981,24.329,2.0,HARD,17.0,True,,,1,15.0,False
BOT,77,30.0,101.252,31.469,42.763,27.02,2.0,HARD,18.0,True,6590.207,,1,16.0,False
BOT,77,31.0,,,42.63,23.793,3.0,HARD,1.0,True,,6665.158,1,19.0,False
BOT,77,32.0,96.763,30.988,42.106,23.669,3.0,HARD,2.0,True,,,1,19.0,False
BOT,77,33.0,96.202,30.95,41.558,23.694,3.0,HARD,3.0,True,,,1,19.0,False
BOT,77,34.0,98.009,32.25,42.108,23.651,3.0,HARD,4.0,True,,,1,19.0,False
BOT,77,35.0,96.578,30.892,41.986,23.7,3.0,HARD,5.0,True,,,1,19.0,False
BOT,77,36.0,96.792,30.8,41.963,24.029,3.0,HARD,6.0,True,,,1,19.0,False
BOT,77,37.0,98.008,31.511,42.24,24.257,3.0,HARD,7.0,True,,,1,19.0,False
BOT,77,38.0,97.774,31.497,42.346,23.931,3.0,HARD,8.0,True,,,1,19.0,False
BOT,77,39.0,97.189,31.047,42.287,23.855,3.0,HARD,9.0,True,,,1,19.0,False
BOT,77,40.0,97.393,30.903,42.672,23.818,3.0,HARD,10.0,True,,,1,19.0,False
BOT,77,41.0,96.437,30.804,41.851,23.782,3.0,HARD,11.0,True,,,1,19.0,False
BOT,77,42.0,96.374,30.9,41.717,23.757,3.0,HARD,12.0,True,,,1,19.0,False
BOT,77,43.0,96.569,30.907,41.761,23.901,3.0,HARD,13.0,True,,,1,19.0,False
BOT,77,44.0,96.63,30.844,41.917,23.869,3.0,HARD,14.0,True,,,1,19.0,False
BOT,77,45.0,96.663,30.916,41.985,23.762,3.0,HARD,15.0,True,,,1,19.0,False
BOT,77,46.0,96.297,30.825,41.72,23.752,3.0,HARD,16.0,True,,,1,19.0,False
BOT,77,47.0,96.604,30.873,41.907,23.824,3.0,HARD,17.0,True,,,1,19.0,False
BOT,77,48.0,96.765,30.913,41.993,23.859,3.0,HARD,18.0,True,,,1,19.0,False
BOT,77,49.0,96.91,31.028,42.029,23.853,3.0,HARD,19.0,True,,,1,19.0,False
BOT,77,50.0,96.91,31.025,41.997,23.888,3.0,HARD,20.0,True,,,1,19.0,False
BOT,77,51.0,96.819,31.019,41.936,23.864,3.0,HARD,21.0,True,,,1,19.0,False
BOT,77,52.0,96.949,30.997,41.98,23.972,3.0,HARD,22.0,True,,,1,19.0,False
BOT,77,53.0,99.035,30.979,42.128,25.928,3.0,HARD,23.0,True,,,1,19.0,False
BOT,77,54.0,97.095,30.705,42.292,24.098,3.0,HARD,24.0,True,,,1,19.0,False
BOT,77,55.0,97.205,31.026,42.195,23.984,3.0,HARD,25.0,True,,,1,19.0,False
BOT,77,56.0,97.956,31.235,42.521,24.2,3.0,HARD,26.0,True,,,1,19.0,False
SAR,2,1.0,105.921,,43.162,24.178,1.0,SOFT,1.0,True,,,12,15.0,False
SAR,2,2.0,98.481,31.096,43.005,24.38,1.0,SOFT,2.0,True,,,1,14.0,False
SAR,2,3.0,98.707,31.105,43.155,24.447,1.0,SOFT,3.0,True,,,1,14.0,False
SAR,2,4.0,98.39,31.044,42.904,24.442,1.0,SOFT,4.0,True,,,1,14.0,False
SAR,2,5.0,98.757,31.048,43.209,24.5,1.0,SOFT,5.0,True,,,1,14.0,False
SAR,2,6.0,98.582,31.037,42.981,24.564,1.0,SOFT,6.0,True,,,1,14.0,False
SAR,2,7.0,99.464,31.373,43.491,24.6,1.0,SOFT,7.0,True,,,1,14.0,False
SAR,2,8.0,99.58,31.566,43.336,24.678,1.0,SOFT,8.0,True,,,1,14.0,False
SAR,2,9.0,99.366,31.398,43.299,24.669,1.0,SOFT,9.0,True,,,1,13.0,False
SAR,2,10.0,,83.3,46.732,31.828,1.0,SOFT,10.0,True,4657.577,,12,20.0,False
SAR,2,11.0,132.438,64.866,42.959,24.613,2.0,HARD,1.0,True,,4693.302,1,20.0,False
SAR,2,12.0,98.493,31.666,42.766,24.061,2.0,HARD,2.0,True,,,1,20.0,False
SAR,2,13.0,100.989,31.427,43.601,25.961,2.0,HARD,3.0,True,,,1,20.0,False
SAR,2,14.0,101.47,34.301,43.043,24.126,2.0,HARD,4.0,True,,,1,20.0,False
SAR,2,15.0,97.594,31.044,42.414,24.136,2.0,HARD,5.0,True,,,1,20.0,False
SAR,2,16.0,101.37,34.383,42.896,24.091,2.0,HARD,6.0,True,,,1,20.0,False
SAR,2,17.0,99.758,31.181,42.77,25.807,2.0,HARD,7.0,True,,,1,20.0,False
SAR,2,18.0,98.077,31.257,42.709,24.111,2.0,HARD,8.0,True,,,1,20.0,False
SAR,2,19.0,97.742,31.201,42.532,24.009,2.0,HARD,9.0,True,,,1,20.0,False
SAR,2,20.0,97.82,31.11,42.663,24.047,2.0,HARD,10.0,True,,,1,20.0,False
SAR,2,21.0,98.009,31.167,42.681,24.161,2.0,HARD,11.0,True,,,1,20.0,False
SAR,2,22.0,97.728,31.115,42.516,24.097,2.0,HARD,12.0,True,,,1,20.0,False
SAR,2,23.0,97.621,31.065,42.487,24.069,2.0,HARD,13.0,True,,,1,20.0,False
SAR,2,24.0,99.437,31.076,42.618,25.743,2.0,HARD,14.0,True,,,1,20.0,False
SAR,2,25.0,99.093,32.025,42.881,24.187,2.0,HARD,15.0,True,,,1,20.0,False
SAR,2,26.0,97.859,31.152,42.533,24.174,2.0,HARD,16.0,True,,,1,20.0,False
SAR,2,27.0,98.288,31.178,42.806,24.304,2.0,HARD,17.0,True,,,1,20.0,False
SAR,2,28.0,100.535,31.128,42.603,26.804,2.0,HARD,18.0,True,6471.937,,1,20.0,False
SAR,2,29.0,121.581,52.601,45.132,23.848,3.0,HARD,1.0,True,,6497.08,1,20.0,False
SAR,2,30.0,95.715,30.623,41.483,23.609,3.0,HARD,2.0,True,,,1,20.0,False
SAR,2,31.0,96.713,30.539,42.489,23.685,3.0,HARD,3.0,True,,,1,20.0,False
SAR,2,32.0,96.563,30.82,41.868,23.875,3.0,HARD,4.0,True,,,1,20.0,False
SAR,2,33.0,97.433,30.732,42.718,23.983,3.0,HARD,5.0,True,,,1,20.0,False
SAR,2,34.0,96.475,30.708,41.944,23.823,3.0,HARD,6.0,True,,,1,20.0,False
SAR,2,35.0,96.859,31.015,42.023,23.821,3.0,HARD,7.0,True,,,1,20.0,False
SAR,2,36.0,96.462,30.805,41.808,23.849,3.0,HARD,8.0,True,,,1,20.0,False
SAR,2,37.0,96.785,30.826,42.127,23.832,3.0,HARD,9.0,True,,,1,20.0,False
SAR,2,38.0,96.732,30.786,42.026,23.92,3.0,HARD,10.0,True,,,1,20.0,False
SAR,2,39.0,97.016,30.987,42.097,23.932,3.0,HARD,11.0,True,,,1,20.0,False
SAR,2,40.0,99.817,30.76,42.614,26.443,3.0,HARD,12.0,True,7659.995,,1,20.0,False
SAR,2,41.0,120.282,55.516,41.323,23.443,4.0,SOFT,1.0,True,,7685.424,1,20.0,False
SAR,2,42.0,94.735,30.316,40.966,23.453,4.0,SOFT,2.0,True,,,1,20.0,False
SAR,2,43.0,95.001,30.462,41.076,23.463,4.0,SOFT,3.0,True,,,1,20.0,False
SAR,2,44.0,95.13,30.599,41.146,23.385,4.0,SOFT,4.0,True,,,1,20.0,False
SAR,2,45.0,95.333,30.587,41.272,23.474,4.0,SOFT,5.0,True,,,1,20.0,False
SAR,2,46.0,95.939,30.872,41.469,23.598,4.0,SOFT,6.0,True,,,1,20.0,False
SAR,2,47.0,96.729,30.667,42.237,23.825,4.0,SOFT,7.0,True,,,1,20.0,False
SAR,2,48.0,95.688,30.357,41.593,23.738,4.0,SOFT,8.0,True,,,1,20.0,False
SAR,2,49.0,95.59,30.638,41.303,23.649,4.0,SOFT,9.0,True,,,1,20.0,False
SAR,2,50.0,95.66,30.671,41.368,23.621,4.0,SOFT,10.0,True,,,1,20.0,False
SAR,2,51.0,95.972,30.781,41.539,23.652,4.0,SOFT,11.0,True,,,1,20.0,False
SAR,2,52.0,95.987,30.775,41.44,23.772,4.0,SOFT,12.0,True,,,1,20.0,False
SAR,2,53.0,96.088,30.798,41.61,23.68,4.0,SOFT,13.0,True,,,1,20.0,False
SAR,2,54.0,99.614,32.179,43.748,23.687,4.0,SOFT,14.0,True,,,1,20.0,False
SAR,2,55.0,96.209,30.671,41.782,23.756,4.0,SOFT,15.0,True,,,1,20.0,False
