Driver,LapNumber,Stint,Compound,TyreLife,FreshTyre
VER,1.0,1.0,SOFT,4.0,False
VER,2.0,1.0,SOFT,5.0,False
VER,3.0,1.0,SOFT,6.0,False
VER,4.0,1.0,SOFT,7.0,False
VER,5.0,1.0,SOFT,8.0,False
VER,6.0,1.0,SOFT,9.0,False
VER,7.0,1.0,SOFT,10.0,False
VER,8.0,1.0,SOFT,11.0,False
VER,9.0,1.0,SOFT,12.0,False
VER,10.0,1.0,SOFT,13.0,False
VER,11.0,1.0,SOFT,14.0,False
VER,12.0,1.0,SOFT,15.0,False
VER,13.0,1.0,SOFT,16.0,False
VER,14.0,1.0,SOFT,17.0,False
VER,15.0,1.0,SOFT,18.0,False
VER,16.0,1.0,SOFT,19.0,False
VER,17.0,1.0,SOFT,20.0,False
VER,18.0,2.0,HARD,1.0,True
VER,19.0,2.0,HARD,2.0,True
VER,20.0,2.0,HARD,3.0,True
VER,21.0,2.0,HARD,4.0,True
VER,22.0,2.0,HARD,5.0,True
VER,23.0,2.0,HARD,6.0,True
VER,24.0,2.0,HARD,7.0,True
VER,25.0,2.0,HARD,8.0,True
VER,26.0,2.0,HARD,9.0,True
VER,27.0,2.0,HARD,10.0,True
VER,28.0,2.0,HARD,11.0,True
VER,29.0,2.0,HARD,12.0,True
VER,30.0,2.0,HARD,13.0,True
VER,31.0,2.0,HARD,14.0,True
VER,32.0,2.0,HARD,15.0,True
VER,33.0,2.0,HARD,16.0,True
VER,34.0,2.0,HARD,17.0,True
VER,35.0,2.0,HARD,18.0,True
VER,36.0,2.0,HARD,19.0,True
VER,37.0,2.0,HARD,20.0,True
VER,38.0,3.0,SOFT,1.0,True
VER,39.0,3.0,SOFT,2.0,True
VER,40.0,3.0,SOFT,3.0,True
VER,41.0,3.0,SOFT,4.0,True
VER,42.0,3.0,SOFT,5.0,True
VER,43.0,3.0,SOFT,6.0,True
VER,44.0,3.0,SOFT,7.0,True
VER,45.0,3.0,SOFT,8.0,True
VER,46.0,3.0,SOFT,9.0,True
VER,47.0,3.0,SOFT,10.0,True
VER,48.0,3.0,SOFT,11.0,True
VER,49.0,3.0,SOFT,12.0,True
VER,50.0,3.0,SOFT,13.0,True
VER,51.0,3.0,SOFT,14.0,True
VER,52.0,3.0,SOFT,15.0,True
VER,53.0,3.0,SOFT,16.0,True
VER,54.0,3.0,SOFT,17.0,True
VER,55.0,3.0,SOFT,18.0,True
VER,56.0,3.0,SOFT,19.0,True
VER,57.0,3.0,SOFT,20.0,True
PER,1.0,1.0,SOFT,4.0,False
PER,2.0,1.0,SOFT,5.0,False
PER,3.0,1.0,SOFT,6.0,False
PER,4.0,1.0,SOFT,7.0,False
PER,5.0,1.0,SOFT,8.0,False
PER,6.0,1.0,SOFT,9.0,False
PER,7.0,1.0,SOFT,10.0,False
PER,8.0,1.0,SOFT,11.0,False
PER,9.0,1.0,SOFT,12.0,False
PER,10.0,1.0,SOFT,13.0,False
PER,11.0,1.0,SOFT,14.0,False
PER,12.0,1.0,SOFT,15.0,False
PER,13.0,2.0,HARD,1.0,True
PER,14.0,2.0,HARD,2.0,True
PER,15.0,2.0,HARD,3.0,True
PER,16.0,2.0,HARD,4.0,True
PER,17.0,2.0,HARD,5.0,True
PER,18.0,2.0,HARD,6.0,True
PER,19.0,2.0,HARD,7.0,True
PER,20.0,2.0,HARD,8.0,True
PER,21.0,2.0,HARD,9.0,True
PER,22.0,2.0,HARD,10.0,True
PER,23.0,2.0,HARD,11.0,True
PER,24.0,2.0,HARD,12.0,True
PER,25.0,2.0,HARD,13.0,True
PER,26.0,2.0,HARD,14.0,True
PER,27.0,2.0,HARD,15.0,True
PER,28.0,2.0,HARD,16.0,True
PER,29.0,2.0,HARD,17.0,True
PER,30.0,2.0,HARD,18.0,True
PER,31.0,2.0,HARD,19.0,True
PER,32.0,2.0,HARD,20.0,True
PER,33.0,2.0,HARD,21.0,True
PER,34.0,2.0,HARD,22.0,True
PER,35.0,2.0,HARD,23.0,True
PER,36.0,2.0,HARD,24.0,True
PER,37.0,3.0,SOFT,1.0,True
PER,38.0,3.0,SOFT,2.0,True
PER,39.0,3.0,SOFT,3.0,True
PER,40.0,3.0,SOFT,4.0,True
PER,41.0,3.0,SOFT,5.0,True
PER,42.0,3.0,SOFT,6.0,True
PER,43.0,3.0,SOFT,7.0,True
PER,44.0,3.0,SOFT,8.0,True
PER,45.0,3.0,SOFT,9.0,True
PER,46.0,3.0,SOFT,10.0,True
PER,47.0,3.0,SOFT,11.0,True
PER,48.0,3.0,SOFT,12.0,True
PER,49.0,3.0,SOFT,13.0,True
PER,50.0,3.0,SOFT,14.0,True
PER,51.0,3.0,SOFT,15.0,True
PER,52.0,3.0,SOFT,16.0,True
PER,53.0,3.0,SOFT,17.0,True
PER,54.0,3.0,SOFT,18.0,True
PER,55.0,3.0,SOFT,19.0,True
PER,56.0,3.0,SOFT,20.0,True
PER,57.0,3.0,SOFT,21.0,True
SAI,1.0,1.0,SOFT,4.0,False
SAI,2.0,1.0,SOFT,5.0,False
SAI,3.0,1.0,SOFT,6.0,False
SAI,4.0,1.0,SOFT,7.0,False
SAI,5.0,1.0,SOFT,8.0,False
SAI,6.0,1.0,SOFT,9.0,False
SAI,7.0,1.0,SOFT,10.0,False
SAI,8.0,1.0,SOFT,11.0,False
SAI,9.0,1.0,SOFT,12.0,False
SAI,10.0,1.0,SOFT,13.0,False
SAI,11.0,1.0,SOFT,14.0,False
SAI,12.0,1.0,SOFT,15.0,False
SAI,13.0,1.0,SOFT,16.0,False
SAI,14.0,1.0,SOFT,17.0,False
SAI,15.0,2.0,HARD,1.0,True
SAI,16.0,2.0,HARD,2.0,True
SAI,17.0,2.0,HARD,3.0,True
SAI,18.0,2.0,HARD,4.0,True
SAI,19.0,2.0,HARD,5.0,True
SAI,20.0,2.0,HARD,6.0,True
SAI,21.0,2.0,HARD,7.0,True
SAI,22.0,2.0,HARD,8.0,True
SAI,23.0,2.0,HARD,9.0,True
SAI,24.0,2.0,HARD,10.0,True
SAI,25.0,2.0,HARD,11.0,True
SAI,26.0,2.0,HARD,12.0,True
SAI,27.0,2.0,HARD,13.0,True
SAI,28.0,2.0,HARD,14.0,True
SAI,29.0,2.0,HARD,15.0,True
SAI,30.0,2.0,HARD,16.0,True
SAI,31.0,2.0,HARD,17.0,True
SAI,32.0,2.0,HARD,18.0,True
SAI,33.0,2.0,HARD,19.0,True
SAI,34.0,2.0,HARD,20.0,True
SAI,35.0,2.0,HARD,21.0,True
SAI,36.0,3.0,HARD,1.0,True
SAI,37.0,3.0,HARD,2.0,True
SAI,38.0,3.0,HARD,3.0,True
SAI,39.0,3.0,HARD,4.0,True
SAI,40.0,3.0,HARD,5.0,True
SAI,41.0,3.0,HARD,6.0,True
SAI,42.0,3.0,HARD,7.0,True
SAI,43.0,3.0,HARD,8.0,True
SAI,44.0,3.0,HARD,9.0,True
SAI,45.0,3.0,HARD,10.0,True
SAI,46.0,3.0,HARD,11.0,True
SAI,47.0,3.0,HARD,12.0,True
SAI,48.0,3.0,HARD,13.0,True
SAI,49.0,3.0,HARD,14.0,True
SAI,50.0,3.0,HARD,15.0,True
SAI,51.0,3.0,HARD,16.0,True
SAI,52.0,3.0,HARD,17.0,True
SAI,53.0,3.0,HARD,18.0,True
SAI,54.0,3.0,HARD,19.0,True
SAI,55.0,3.0,HARD,20.0,True
SAI,56.0,3.0,HARD,21.0,True
SAI,57.0,3.0,HARD,22.0,True
LEC,1.0,1.0,SOFT,4.0,False
LEC,2.0,1.0,SOFT,5.0,False
LEC,3.0,1.0,SOFT,6.0,False
LEC,4.0,1.0,SOFT,7.0,False
LEC,5.0,1.0,SOFT,8.0,False
LEC,6.0,1.0,SOFT,9.0,False
LEC,7.0,1.0,SOFT,10.0,False
LEC,8.0,1.0,SOFT,11.0,False
LEC,9.0,1.0,SOFT,12.0,False
LEC,10.0,1.0,SOFT,13.0,False
LEC,11.0,1.0,SOFT,14.0,False
LEC,12.0,2.0,HARD,1.0,True
LEC,13.0,2.0,HARD,2.0,True
LEC,14.0,2.0,HARD,3.0,True
LEC,15.0,2.0,HARD,4.0,True
LEC,16.0,2.0,HARD,5.0,True
LEC,17.0,2.0,HARD,6.0,True
LEC,18.0,2.0,HARD,7.0,True
LEC,19.0,2.0,HARD,8.0,True
LEC,20.0,2.0,HARD,9.0,True
LEC,21.0,2.0,HARD,10.0,True
LEC,22.0,2.0,HARD,11.0,True
LEC,23.0,2.0,HARD,12.0,True
LEC,24.0,2.0,HARD,13.0,True
LEC,25.0,2.0,HARD,14.0,True
LEC,26.0,2.0,HARD,15.0,True
LEC,27.0,2.0,HARD,16.0,True
LEC,28.0,2.0,HARD,17.0,True
LEC,29.0,2.0,HARD,18.0,True
LEC,30.0,2.0,HARD,19.0,True
LEC,31.0,2.0,HARD,20.0,True
LEC,32.0,2.0,HARD,21.0,True
LEC,33.0,2.0,HARD,22.0,True
LEC,34.0,2.0,HARD,23.0,True
LEC,35.0,3.0,HARD,1.0,True
LEC,36.0,3.0,HARD,2.0,True
LEC,37.0,3.0,HARD,3.0,True
LEC,38.0,3.0,HARD,4.0,True
LEC,39.0,3.0,HARD,5.0,True
LEC,40.0,3.0,HARD,6.0,True
LEC,41.0,3.0,HARD,7.0,True
LEC,42.0,3.0,HARD,8.0,True
LEC,43.0,3.0,HARD,9.0,True
LEC,44.0,3.0,HARD,10.0,True
LEC,45.0,3.0,HARD,11.0,True
LEC,46.0,3.0,HARD,12.0,True
LEC,47.0,3.0,HARD,13.0,True
LEC,48.0,3.0,HARD,14.0,True
LEC,49.0,3.0,HARD,15.0,True
LEC,50.0,3.0,HARD,16.0,True
LEC,51.0,3.0,HARD,17.0,True
LEC,52.0,3.0,HARD,18.0,True
LEC,53.0,3.0,HARD,19.0,True
LEC,54.0,3.0,HARD,20.0,True
LEC,55.0,3.0,HARD,21.0,True
LEC,56.0,3.0,HARD,22.0,True
LEC,57.0,3.0,HARD,23.0,True
RUS,1.0,1.0,SOFT,4.0,False
RUS,2.0,1.0,SOFT,5.0,False
RUS,3.0,1.0,SOFT,6.0,False
RUS,4.0,1.0,SOFT,7.0,False
RUS,5.0,1.0,SOFT,8.0,False
RUS,6.0,1.0,SOFT,9.0,False
RUS,7.0,1.0,SOFT,10.0,False
RUS,8.0,1.0,SOFT,11.0,False
RUS,9.0,1.0,SOFT,12.0,False
RUS,10.0,1.0,SOFT,13.0,False
RUS,11.0,1.0,SOFT,14.0,False
RUS,12.0,2.0,HARD,1.0,True
RUS,13.0,2.0,HARD,2.0,True
RUS,14.0,2.0,HARD,3.0,True
RUS,15.0,2.0,HARD,4.0,True
RUS,16.0,2.0,HARD,5.0,True
RUS,17.0,2.0,HARD,6.0,True
RUS,18.0,2.0,HARD,7.0,True
RUS,19.0,2.0,HARD,8.0,True
RUS,20.0,2.0,HARD,9.0,True
RUS,21.0,2.0,HARD,10.0,True
RUS,22.0,2.0,HARD,11.0,True
RUS,23.0,2.0,HARD,12.0,True
RUS,24.0,2.0,HARD,13.0,True
RUS,25.0,2.0,HARD,14.0,True
RUS,26.0,2.0,HARD,15.0,True
RUS,27.0,2.0,HARD,16.0,True
RUS,28.0,2.0,HARD,17.0,True
RUS,29.0,2.0,HARD,18.0,True
RUS,30.0,2.0,HARD,19.0,True
RUS,31.0,2.0,HARD,20.0,True
RUS,32.0,3.0,HARD,1.0,True
RUS,33.0,3.0,HARD,2.0,True
RUS,34.0,3.0,HARD,3.0,True
RUS,35.0,3.0,HARD,4.0,True
RUS,36.0,3.0,HARD,5.0,True
RUS,37.0,3.0,HARD,6.0,True
RUS,38.0,3.0,HARD,7.0,True
RUS,39.0,3.0,HARD,8.0,True
RUS,40.0,3.0,HARD,9.0,True
RUS,41.0,3.0,HARD,10.0,True
RUS,42.0,3.0,HARD,11.0,True
RUS,43.0,3.0,HARD,12.0,True
RUS,44.0,3.0,HARD,13.0,True
RUS,45.0,3.0,HARD,14.0,True
RUS,46.0,3.0,HARD,15.0,True
RUS,47.0,3.0,HARD,16.0,True
RUS,48.0,3.0,HARD,17.0,True
RUS,49.0,3.0,HARD,18.0,True
RUS,50.0,3.0,HARD,19.0,True
RUS,51.0,3.0,HARD,20.0,True
RUS,52.0,3.0,HARD,21.0,True
RUS,53.0,3.0,HARD,22.0,True
RUS,54.0,3.0,HARD,23.0,True
RUS,55.0,3.0,HARD,24.0,True
RUS,56.0,3.0,HARD,25.0,True
RUS,57.0,3.0,HARD,26.0,True
NOR,1.0,1.0,SOFT,4.0,False
NOR,2.0,1.0,SOFT,5.0,False
NOR,3.0,1.0,SOFT,6.0,False
NOR,4.0,1.0,SOFT,7.0,False
NOR,5.0,1.0,SOFT,8.0,False
NOR,6.0,1.0,SOFT,9.0,False
NOR,7.0,1.0,SOFT,10.0,False
NOR,8.0,1.0,SOFT,11.0,False
NOR,9.0,1.0,SOFT,12.0,False
NOR,10.0,1.0,SOFT,13.0,False
NOR,11.0,1.0,SOFT,14.0,False
NOR,12.0,1.0,SOFT,15.0,False
NOR,13.0,1.0,SOFT,16.0,False
NOR,14.0,2.0,HARD,1.0,True
NOR,15.0,2.0,HARD,2.0,True
NOR,16.0,2.0,HARD,3.0,True
NOR,17.0,2.0,HARD,4.0,True
NOR,18.0,2.0,HARD,5.0,True
NOR,19.0,2.0,HARD,6.0,True
NOR,20.0,2.0,HARD,7.0,True
NOR,21.0,2.0,HARD,8.0,True
NOR,22.0,2.0,HARD,9.0,True
NOR,23.0,2.0,HARD,10.0,True
NOR,24.0,2.0,HARD,11.0,True
NOR,25.0,2.0,HARD,12.0,True
NOR,26.0,2.0,HARD,13.0,True
NOR,27.0,2.0,HARD,14.0,True
NOR,28.0,2.0,HARD,15.0,True
NOR,29.0,2.0,HARD,16.0,True
NOR,30.0,2.0,HARD,17.0,True
NOR,31.0,2.0,HARD,18.0,True
NOR,32.0,2.0,HARD,19.0,True
NOR,33.0,2.0,HARD,20.0,True
NOR,34.0,3.0,HARD,1.0,True
NOR,35.0,3.0,HARD,2.0,True
NOR,36.0,3.0,HARD,3.0,True
NOR,37.0,3.0,HARD,4.0,True
NOR,38.0,3.0,HARD,5.0,True
NOR,39.0,3.0,HARD,6.0,True
NOR,40.0,3.0,HARD,7.0,True
NOR,41.0,3.0,HARD,8.0,True
NOR,42.0,3.0,HARD,9.0,True
NOR,43.0,3.0,HARD,10.0,True
NOR,44.0,3.0,HARD,11.0,True
NOR,45.0,3.0,HARD,12.0,True
NOR,46.0,3.0,HARD,13.0,True
NOR,47.0,3.0,HARD,14.0,True
NOR,48.0,3.0,HARD,15.0,True
NOR,49.0,3.0,HARD,16.0,True
NOR,50.0,3.0,HARD,17.0,True
NOR,51.0,3.0,HARD,18.0,True
NOR,52.0,3.0,HARD,19.0,True
NOR,53.0,3.0,HARD,20.0,True
NOR,54.0,3.0,HARD,21.0,True
NOR,55.0,3.0,HARD,22.0,True
NOR,56.0,3.0,HARD,23.0,True
NOR,57.0,3.0,HARD,24.0,True
HAM,1.0,1.0,SOFT,4.0,False
HAM,2.0,1.0,SOFT,5.0,False
HAM,3.0,1.0,SOFT,6.0,False
HAM,4.0,1.0,SOFT,7.0,False
HAM,5.0,1.0,SOFT,8.0,False
HAM,6.0,1.0,SOFT,9.0,False
HAM,7.0,1.0,SOFT,10.0,False
HAM,8.0,1.0,SOFT,11.0,False
HAM,9.0,1.0,SOFT,12.0,False
HAM,10.0,1.0,SOFT,13.0,False
HAM,11.0,1.0,SOFT,14.0,False
HAM,12.0,1.0,SOFT,15.0,False
HAM,13.0,2.0,HARD,1.0,True
HAM,14.0,2.0,HARD,2.0,True
HAM,15.0,2.0,HARD,3.0,True
HAM,16.0,2.0,HARD,4.0,True
HAM,17.0,2.0,HARD,5.0,True
HAM,18.0,2.0,HARD,6.0,True
HAM,19.0,2.0,HARD,7.0,True
HAM,20.0,2.0,HARD,8.0,True
HAM,21.0,2.0,HARD,9.0,True
HAM,22.0,2.0,HARD,10.0,True
HAM,23.0,2.0,HARD,11.0,True
HAM,24.0,2.0,HARD,12.0,True
HAM,25.0,2.0,HARD,13.0,True
HAM,26.0,2.0,HARD,14.0,True
HAM,27.0,2.0,HARD,15.0,True
HAM,28.0,2.0,HARD,16.0,True
HAM,29.0,2.0,HARD,17.0,True
HAM,30.0,2.0,HARD,18.0,True
HAM,31.0,2.0,HARD,19.0,True
HAM,32.0,2.0,HARD,20.0,True
HAM,33.0,2.0,HARD,21.0,True
HAM,34.0,3.0,HARD,1.0,True
HAM,35.0,3.0,HARD,2.0,True
HAM,36.0,3.0,HARD,3.0,True
HAM,37.0,3.0,HARD,4.0,True
HAM,38.0,3.0,HARD,5.0,True
HAM,39.0,3.0,HARD,6.0,True
HAM,40.0,3.0,HARD,7.0,True
HAM,41.0,3.0,HARD,8.0,True
HAM,42.0,3.0,HARD,9.0,True
HAM,43.0,3.0,HARD,10.0,True
HAM,44.0,3.0,HARD,11.0,True
HAM,45.0,3.0,HARD,12.0,True
HAM,46.0,3.0,HARD,13.0,True
HAM,47.0,3.0,HARD,14.0,True
HAM,48.0,3.0,HARD,15.0,True
HAM,49.0,3.0,HARD,16.0,True
HAM,50.0,3.0,HARD,17.0,True
HAM,51.0,3.0,HARD,18.0,True
HAM,52.0,3.0,HARD,19.0,True
HAM,53.0,3.0,HARD,20.0,True
HAM,54.0,3.0,HARD,21.0,True
HAM,55.0,3.0,HARD,22.0,True
HAM,56.0,3.0,HARD,23.0,True
HAM,57.0,3.0,HARD,24.0,True
PIA,1.0,1.0,SOFT,4.0,False
PIA,2.0,1.0,SOFT,5.0,False
PIA,3.0,1.0,SOFT,6.0,False
PIA,4.0,1.0,SOFT,7.0,False
PIA,5.0,1.0,SOFT,8.0,False
PIA,6.0,1.0,SOFT,9.0,False
PIA,7.0,1.0,SOFT,10.0,False
PIA,8.0,1.0,SOFT,11.0,False
PIA,9.0,1.0,SOFT,12.0,False
PIA,10.0,1.0,SOFT,13.0,False
PIA,11.0,1.0,SOFT,14.0,False
PIA,12.0,1.0,SOFT,15.0,False
PIA,13.0,2.0,HARD,1.0,True
PIA,14.0,2.0,HARD,2.0,True
PIA,15.0,2.0,HARD,3.0,True
PIA,16.0,2.0,HARD,4.0,True
PIA,17.0,2.0,HARD,5.0,True
PIA,18.0,2.0,HARD,6.0,True
PIA,19.0,2.0,HARD,7.0,True
PIA,20.0,2.0,HARD,8.0,True
PIA,21.0,2.0,HARD,9.0,True
PIA,22.0,2.0,HARD,10.0,True
PIA,23.0,2.0,HARD,11.0,True
PIA,24.0,2.0,HARD,12.0,True
PIA,25.0,2.0,HARD,13.0,True
PIA,26.0,2.0,HARD,14.0,True
PIA,27.0,2.0,HARD,15.0,True
PIA,28.0,2.0,HARD,16.0,True
PIA,29.0,2.0,HARD,17.0,True
PIA,30.0,2.0,HARD,18.0,True
PIA,31.0,2.0,HARD,19.0,True
PIA,32.0,2.0,HARD,20.0,True
PIA,33.0,2.0,HARD,21.0,True
PIA,34.0,2.0,HARD,22.0,True
PIA,35.0,3.0,HARD,1.0,True
PIA,36.0,3.0,HARD,2.0,True
PIA,37.0,3.0,HARD,3.0,True
PIA,38.0,3.0,HARD,4.0,True
PIA,39.0,3.0,HARD,5.0,True
PIA,40.0,3.0,HARD,6.0,True
PIA,41.0,3.0,HARD,7.0,True
PIA,42.0,3.0,HARD,8.0,True
PIA,43.0,3.0,HARD,9.0,True
PIA,44.0,3.0,HARD,10.0,True
PIA,45.0,3.0,HARD,11.0,True
PIA,46.0,3.0,HARD,12.0,True
PIA,47.0,3.0,HARD,13.0,True
PIA,48.0,3.0,HARD,14.0,True
PIA,49.0,3.0,HARD,15.0,True
PIA,50.0,3.0,HARD,16.0,True
PIA,51.0,3.0,HARD,17.0,True
PIA,52.0,3.0,HARD,18.0,True
PIA,53.0,3.0,HARD,19.0,True
PIA,54.0,3.0,HARD,20.0,True
PIA,55.0,3.0,HARD,21.0,True
PIA,56.0,3.0,HARD,22.0,True
PIA,57.0,3.0,HARD,23.0,True
ALO,1.0,1.0,SOFT,4.0,False
ALO,2.0,1.0,SOFT,5.0,False
ALO,3.0,1.0,SOFT,6.0,False
ALO,4.0,1.0,SOFT,7.0,False
ALO,5.0,1.0,SOFT,8.0,False
ALO,6.0,1.0,SOFT,9.0,False
ALO,7.0,1.0,SOFT,10.0,False
ALO,8.0,1.0,SOFT,11.0,False
ALO,9.0,1.0,SOFT,12.0,False
ALO,10.0,1.0,SOFT,13.0,False
ALO,11.0,1.0,SOFT,14.0,False
ALO,12.0,1.0,SOFT,15.0,False
ALO,13.0,1.0,SOFT,16.0,False
ALO,14.0,1.0,SOFT,17.0,False
ALO,15.0,1.0,SOFT,18.0,False
ALO,16.0,2.0,HARD,1.0,True
ALO,17.0,2.0,HARD,2.0,True
ALO,18.0,2.0,HARD,3.0,True
ALO,19.0,2.0,HARD,4.0,True
ALO,20.0,2.0,HARD,5.0,True
ALO,21.0,2.0,HARD,6.0,True
ALO,22.0,2.0,HARD,7.0,True
ALO,23.0,2.0,HARD,8.0,True
ALO,24.0,2.0,HARD,9.0,True
ALO,25.0,2.0,HARD,10.0,True
ALO,26.0,2.0,HARD,11.0,True
ALO,27.0,2.0,HARD,12.0,True
ALO,28.0,2.0,HARD,13.0,True
ALO,29.0,2.0,HARD,14.0,True
ALO,30.0,2.0,HARD,15.0,True
ALO,31.0,2.0,HARD,16.0,True
ALO,32.0,2.0,HARD,17.0,True
ALO,33.0,2.0,HARD,18.0,True
ALO,34.0,2.0,HARD,19.0,True
ALO,35.0,2.0,HARD,20.0,True
ALO,36.0,2.0,HARD,21.0,True
ALO,37.0,2.0,HARD,22.0,True
ALO,38.0,2.0,HARD,23.0,True
ALO,39.0,2.0,HARD,24.0,True
ALO,40.0,2.0,HARD,25.0,True
ALO,41.0,2.0,HARD,26.0,True
ALO,42.0,3.0,HARD,1.0,True
ALO,43.0,3.0,HARD,2.0,True
ALO,44.0,3.0,HARD,3.0,True
ALO,45.0,3.0,HARD,4.0,True
ALO,46.0,3.0,HARD,5.0,True
ALO,47.0,3.0,HARD,6.0,True
ALO,48.0,3.0,HARD,7.0,True
ALO,49.0,3.0,HARD,8.0,True
ALO,50.0,3.0,HARD,9.0,True
ALO,51.0,3.0,HARD,10.0,True
ALO,52.0,3.0,HARD,11.0,True
ALO,53.0,3.0,HARD,12.0,True
ALO,54.0,3.0,HARD,13.0,True
ALO,55.0,3.0,HARD,14.0,True
ALO,56.0,3.0,HARD,15.0,True
ALO,57.0,3.0,HARD,16.0,True
STR,1.0,1.0,SOFT,1.0,True
STR,2.0,1.0,SOFT,2.0,True
STR,3.0,1.0,SOFT,3.0,True
STR,4.0,1.0,SOFT,4.0,True
STR,5.0,1.0,SOFT,5.0,True
STR,6.0,1.0,SOFT,6.0,True
STR,7.0,1.0,SOFT,7.0,True
STR,8.0,1.0,SOFT,8.0,True
STR,9.0,1.0,SOFT,9.0,True
STR,10.0,2.0,HARD,1.0,True
STR,11.0,2.0,HARD,2.0,True
STR,12.0,2.0,HARD,3.0,True
STR,13.0,2.0,HARD,4.0,True
STR,14.0,2.0,HARD,5.0,True
STR,15.0,2.0,HARD,6.0,True
STR,16.0,2.0,HARD,7.0,True
STR,17.0,2.0,HARD,8.0,True
STR,18.0,2.0,HARD,9.0,True
STR,19.0,2.0,HARD,10.0,True
STR,20.0,2.0,HARD,11.0,True
STR,21.0,2.0,HARD,12.0,True
STR,22.0,2.0,HARD,13.0,True
STR,23.0,2.0,HARD,14.0,True
STR,24.0,2.0,HARD,15.0,True
STR,25.0,2.0,HARD,16.0,True
STR,26.0,2.0,HARD,17.0,True
STR,27.0,2.0,HARD,18.0,True
STR,28.0,3.0,HARD,1.0,True
STR,29.0,3.0,HARD,2.0,True
STR,30.0,3.0,HARD,3.0,True
STR,31.0,3.0,HARD,4.0,True
STR,32.0,3.0,HARD,5.0,True
STR,33.0,3.0,HARD,6.0,True
STR,34.0,3.0,HARD,7.0,True
STR,35.0,3.0,HARD,8.0,True
STR,36.0,3.0,HARD,9.0,True
STR,37.0,3.0,HARD,10.0,True
STR,38.0,3.0,HARD,11.0,True
STR,39.0,3.0,HARD,12.0,True
STR,40.0,3.0,HARD,13.0,True
STR,41.0,3.0,HARD,14.0,True
STR,42.0,3.0,HARD,15.0,True
STR,43.0,3.0,HARD,16.0,True
STR,44.0,3.0,HARD,17.0,True
STR,45.0,3.0,HARD,18.0,True
STR,46.0,3.0,HARD,19.0,True
STR,47.0,3.0,HARD,20.0,True
STR,48.0,3.0,HARD,21.0,True
STR,49.0,3.0,HARD,22.0,True
STR,50.0,3.0,HARD,23.0,True
STR,51.0,3.0,HARD,24.0,True
STR,52.0,3.0,HARD,25.0,True
STR,53.0,3.0,HARD,26.0,True
STR,54.0,3.0,HARD,27.0,True
STR,55.0,3.0,HARD,28.0,True
STR,56.0,3.0,HARD,29.0,True
STR,57.0,3.0,HARD,30.0,True
ZHO,1.0,1.0,SOFT,1.0,True
ZHO,2.0,1.0,SOFT,2.0,True
ZHO,3.0,1.0,SOFT,3.0,True
ZHO,4.0,1.0,SOFT,4.0,True
ZHO,5.0,1.0,SOFT,5.0,True
ZHO,6.0,1.0,SOFT,6.0,True
ZHO,7.0,1.0,SOFT,7.0,True
ZHO,8.0,1.0,SOFT,8.0,True
ZHO,9.0,1.0,SOFT,9.0,True
ZHO,10.0,2.0,HARD,1.0,True
ZHO,11.0,2.0,HARD,2.0,True
ZHO,12.0,2.0,HARD,3.0,True
ZHO,13.0,2.0,HARD,4.0,True
ZHO,14.0,2.0,HARD,5.0,True
ZHO,15.0,2.0,HARD,6.0,True
ZHO,16.0,2.0,HARD,7.0,True
ZHO,17.0,2.0,HARD,8.0,True
ZHO,18.0,2.0,HARD,9.0,True
ZHO,19.0,2.0,HARD,10.0,True
ZHO,20.0,2.0,HARD,11.0,True
ZHO,21.0,2.0,HARD,12.0,True
ZHO,22.0,2.0,HARD,13.0,True
ZHO,23.0,2.0,HARD,14.0,True
ZHO,24.0,2.0,HARD,15.0,True
ZHO,25.0,2.0,HARD,16.0,True
ZHO,26.0,2.0,HARD,17.0,True
ZHO,27.0,2.0,HARD,18.0,True
ZHO,28.0,2.0,HARD,19.0,True
ZHO,29.0,3.0,HARD,1.0,True
ZHO,30.0,3.0,HARD,2.0,True
ZHO,31.0,3.0,HARD,3.0,True
ZHO,32.0,3.0,HARD,4.0,True
ZHO,33.0,3.0,HARD,5.0,True
ZHO,34.0,3.0,HARD,6.0,True
ZHO,35.0,3.0,HARD,7.0,True
ZHO,36.0,3.0,HARD,8.0,True
ZHO,37.0,3.0,HARD,9.0,True
ZHO,38.0,3.0,HARD,10.0,True
ZHO,39.0,3.0,HARD,11.0,True
ZHO,40.0,3.0,HARD,12.0,True
ZHO,41.0,3.0,HARD,13.0,True
ZHO,42.0,3.0,HARD,14.0,True
ZHO,43.0,3.0,HARD,15.0,True
ZHO,44.0,3.0,HARD,16.0,True
ZHO,45.0,3.0,HARD,17.0,True
ZHO,46.0,3.0,HARD,18.0,True
ZHO,47.0,3.0,HARD,19.0,True
ZHO,48.0,3.0,HARD,20.0,True
ZHO,49.0,3.0,HARD,21.0,True
ZHO,50.0,3.0,HARD,22.0,True
ZHO,51.0,3.0,HARD,23.0,True
ZHO,52.0,3.0,HARD,24.0,True
ZHO,53.0,3.0,HARD,25.0,True
ZHO,54.0,3.0,HARD,26.0,True
ZHO,55.0,3.0,HARD,27.0,True
ZHO,56.0,3.0,HARD,28.0,True
MAG,1.0,1.0,SOFT,1.0,True
MAG,2.0,1.0,SOFT,2.0,True
MAG,3.0,1.0,SOFT,3.0,True
MAG,4.0,1.0,SOFT,4.0,True
MAG,5.0,1.0,SOFT,5.0,True
MAG,6.0,1.0,SOFT,6.0,True
MAG,7.0,1.0,SOFT,7.0,True
MAG,8.0,1.0,SOFT,8.0,True
MAG,9.0,1.0,SOFT,9.0,True
MAG,10.0,1.0,SOFT,10.0,True
MAG,11.0,1.0,SOFT,11.0,True
MAG,12.0,2.0,HARD,1.0,True
MAG,13.0,2.0,HARD,2.0,True
MAG,14.0,2.0,HARD,3.0,True
MAG,15.0,2.0,HARD,4.0,True
MAG,16.0,2.0,HARD,5.0,True
MAG,17.0,2.0,HARD,6.0,True
MAG,18.0,2.0,HARD,7.0,True
MAG,19.0,2.0,HARD,8.0,True
MAG,20.0,2.0,HARD,9.0,True
MAG,21.0,2.0,HARD,10.0,True
MAG,22.0,2.0,HARD,11.0,True
MAG,23.0,2.0,HARD,12.0,True
MAG,24.0,2.0,HARD,13.0,True
MAG,25.0,2.0,HARD,14.0,True
MAG,26.0,2.0,HARD,15.0,True
MAG,27.0,2.0,HARD,16.0,True
MAG,28.0,2.0,HARD,17.0,True
MAG,29.0,2.0,HARD,18.0,True
MAG,30.0,2.0,HARD,19.0,True
MAG,31.0,2.0,HARD,20.0,True
MAG,32.0,2.0,HARD,21.0,True
MAG,33.0,3.0,HARD,1.0,True
MAG,34.0,3.0,HARD,2.0,True
MAG,35.0,3.0,HARD,3.0,True
MAG,36.0,3.0,HARD,4.0,True
MAG,37.0,3.0,HARD,5.0,True
MAG,38.0,3.0,HARD,6.0,True
MAG,39.0,3.0,HARD,7.0,True
MAG,40.0,3.0,HARD,8.0,True
MAG,41.0,3.0,HARD,9.0,True
MAG,42.0,3.0,HARD,10.0,True
MAG,43.0,3.0,HARD,11.0,True
MAG,44.0,3.0,HARD,12.0,True
MAG,45.0,3.0,HARD,13.0,True
MAG,46.0,3.0,HARD,14.0,True
MAG,47.0,3.0,HARD,15.0,True
MAG,48.0,3.0,HARD,16.0,True
MAG,49.0,3.0,HARD,17.0,True
MAG,50.0,3.0,HARD,18.0,True
MAG,51.0,3.0,HARD,19.0,True
MAG,52.0,3.0,HARD,20.0,True
MAG,53.0,3.0,HARD,21.0,True
MAG,54.0,3.0,HARD,22.0,True
MAG,55.0,3.0,HARD,23.0,True
MAG,56.0,3.0,HARD,24.0,True
RIC,1.0,1.0,SOFT,4.0,False
RIC,2.0,1.0,SOFT,5.0,False
RIC,3.0,1.0,SOFT,6.0,False
RIC,4.0,1.0,SOFT,7.0,False
RIC,5.0,1.0,SOFT,8.0,False
RIC,6.0,1.0,SOFT,9.0,False
RIC,7.0,1.0,SOFT,10.0,False
RIC,8.0,1.0,SOFT,11.0,False
RIC,9.0,1.0,SOFT,12.0,False
RIC,10.0,1.0,SOFT,13.0,False
RIC,11.0,1.0,SOFT,14.0,False
RIC,12.0,1.0,SOFT,15.0,False
RIC,13.0,1.0,SOFT,16.0,False
RIC,14.0,2.0,HARD,1.0,True
RIC,15.0,2.0,HARD,2.0,True
RIC,16.0,2.0,HARD,3.0,True
RIC,17.0,2.0,HARD,4.0,True
RIC,18.0,2.0,HARD,5.0,True
RIC,19.0,2.0,HARD,6.0,True
RIC,20.0,2.0,HARD,7.0,True
RIC,21.0,2.0,HARD,8.0,True
RIC,22.0,2.0,HARD,9.0,True
RIC,23.0,2.0,HARD,10.0,True
RIC,24.0,2.0,HARD,11.0,True
RIC,25.0,2.0,HARD,12.0,True
RIC,26.0,2.0,HARD,13.0,True
RIC,27.0,2.0,HARD,14.0,True
RIC,28.0,2.0,HARD,15.0,True
RIC,29.0,2.0,HARD,16.0,True
RIC,30.0,2.0,HARD,17.0,True
RIC,31.0,2.0,HARD,18.0,True
RIC,32.0,2.0,HARD,19.0,True
RIC,33.0,2.0,HARD,20.0,True
RIC,34.0,2.0,HARD,21.0,True
RIC,35.0,2.0,HARD,22.0,True
RIC,36.0,3.0,SOFT,1.0,True
RIC,37.0,3.0,SOFT,2.0,True
RIC,38.0,3.0,SOFT,3.0,True
RIC,39.0,3.0,SOFT,4.0,True
RIC,40.0,3.0,SOFT,5.0,True
RIC,41.0,3.0,SOFT,6.0,True
RIC,42.0,3.0,SOFT,7.0,True
RIC,43.0,3.0,SOFT,8.0,True
RIC,44.0,3.0,SOFT,9.0,True
RIC,45.0,3.0,SOFT,10.0,True
RIC,46.0,3.0,SOFT,11.0,True
RIC,47.0,3.0,SOFT,12.0,True
RIC,48.0,3.0,SOFT,13.0,True
RIC,49.0,3.0,SOFT,14.0,True
RIC,50.0,3.0,SOFT,15.0,True
RIC,51.0,3.0,SOFT,16.0,True
RIC,52.0,3.0,SOFT,17.0,True
RIC,53.0,3.0,SOFT,18.0,True
RIC,54.0,3.0,SOFT,19.0,True
RIC,55.0,3.0,SOFT,20.0,True
RIC,56.0,3.0,SOFT,21.0,True
TSU,1.0,1.0,SOFT,1.0,True
TSU,2.0,1.0,SOFT,2.0,True
TSU,3.0,1.0,SOFT,3.0,True
TSU,4.0,1.0,SOFT,4.0,True
TSU,5.0,1.0,SOFT,5.0,True
TSU,6.0,1.0,SOFT,6.0,True
TSU,7.0,1.0,SOFT,7.0,True
TSU,8.0,1.0,SOFT,8.0,True
TSU,9.0,1.0,SOFT,9.0,True
TSU,10.0,1.0,SOFT,10.0,True
TSU,11.0,1.0,SOFT,11.0,True
TSU,12.0,1.0,SOFT,12.0,True
TSU,13.0,1.0,SOFT,13.0,True
TSU,14.0,1.0,SOFT,14.0,True
TSU,15.0,2.0,HARD,1.0,True
TSU,16.0,2.0,HARD,2.0,True
TSU,17.0,2.0,HARD,3.0,True
TSU,18.0,2.0,HARD,4.0,True
TSU,19.0,2.0,HARD,5.0,True
TSU,20.0,2.0,HARD,6.0,True
TSU,21.0,2.0,HARD,7.0,True
TSU,22.0,2.0,HARD,8.0,True
TSU,23.0,2.0,HARD,9.0,True
TSU,24.0,2.0,HARD,10.0,True
TSU,25.0,2.0,HARD,11.0,True
TSU,26.0,2.0,HARD,12.0,True
TSU,27.0,2.0,HARD,13.0,True
TSU,28.0,2.0,HARD,14.0,True
TSU,29.0,2.0,HARD,15.0,True
TSU,30.0,2.0,HARD,16.0,True
TSU,31.0,2.0,HARD,17.0,True
TSU,32.0,2.0,HARD,18.0,True
TSU,33.0,2.0,HARD,19.0,True
TSU,34.0,2.0,HARD,20.0,True
TSU,35.0,3.0,HARD,1.0,True
TSU,36.0,3.0,HARD,2.0,True
TSU,37.0,3.0,HARD,3.0,True
TSU,38.0,3.0,HARD,4.0,True
TSU,39.0,3.0,HARD,5.0,True
TSU,40.0,3.0,HARD,6.0,True
TSU,41.0,3.0,HARD,7.0,True
TSU,42.0,3.0,HARD,8.0,True
TSU,43.0,3.0,HARD,9.0,True
TSU,44.0,3.0,HARD,10.0,True
TSU,45.0,3.0,HARD,11.0,True
TSU,46.0,3.0,HARD,12.0,True
TSU,47.0,3.0,HARD,13.0,True
TSU,48.0,3.0,HARD,14.0,True
TSU,49.0,3.0,HARD,15.0,True
TSU,50.0,3.0,HARD,16.0,True
TSU,51.0,3.0,HARD,17.0,True
TSU,52.0,3.0,HARD,18.0,True
TSU,53.0,3.0,HARD,19.0,True
TSU,54.0,3.0,HARD,20.0,True
TSU,55.0,3.0,HARD,21.0,True
TSU,56.0,3.0,HARD,22.0,True
ALB,1.0,1.0,SOFT,1.0,True
ALB,2.0,1.0,SOFT,2.0,True
ALB,3.0,1.0,SOFT,3.0,True
ALB,4.0,1.0,SOFT,4.0,True
ALB,5.0,1.0,SOFT,5.0,True
ALB,6.0,1.0,SOFT,6.0,True
ALB,7.0,1.0,SOFT,7.0,True
ALB,8.0,1.0,SOFT,8.0,True
ALB,9.0,1.0,SOFT,9.0,True
ALB,10.0,1.0,SOFT,10.0,True
ALB,11.0,1.0,SOFT,11.0,True
ALB,12.0,1.0,SOFT,12.0,True
ALB,13.0,1.0,SOFT,13.0,True
ALB,14.0,1.0,SOFT,14.0,True
ALB,15.0,1.0,SOFT,15.0,True
ALB,16.0,2.0,HARD,1.0,True
ALB,17.0,2.0,HARD,2.0,True
ALB,18.0,2.0,HARD,3.0,True
ALB,19.0,2.0,HARD,4.0,True
ALB,20.0,2.0,HARD,5.0,True
ALB,21.0,2.0,HARD,6.0,True
ALB,22.0,2.0,HARD,7.0,True
ALB,23.0,2.0,HARD,8.0,True
ALB,24.0,2.0,HARD,9.0,True
ALB,25.0,2.0,HARD,10.0,True
ALB,26.0,2.0,HARD,11.0,True
ALB,27.0,2.0,HARD,12.0,True
ALB,28.0,2.0,HARD,13.0,True
ALB,29.0,2.0,HARD,14.0,True
ALB,30.0,2.0,HARD,15.0,True
ALB,31.0,2.0,HARD,16.0,True
ALB,32.0,2.0,HARD,17.0,True
ALB,33.0,2.0,HARD,18.0,True
ALB,34.0,2.0,HARD,19.0,True
ALB,35.0,2.0,HARD,20.0,True
ALB,36.0,2.0,HARD,21.0,True
ALB,37.0,3.0,HARD,1.0,True
ALB,38.0,3.0,HARD,2.0,True
ALB,39.0,3.0,HARD,3.0,True
ALB,40.0,3.0,HARD,4.0,True
ALB,41.0,3.0,HARD,5.0,True
ALB,42.0,3.0,HARD,6.0,True
ALB,43.0,3.0,HARD,7.0,True
ALB,44.0,3.0,HARD,8.0,True
ALB,45.0,3.0,HARD,9.0,True
ALB,46.0,3.0,HARD,10.0,True
ALB,47.0,3.0,HARD,11.0,True
ALB,48.0,3.0,HARD,12.0,True
ALB,49.0,3.0,HARD,13.0,True
ALB,50.0,3.0,HARD,14.0,True
ALB,51.0,3.0,HARD,15.0,True
ALB,52.0,3.0,HARD,16.0,True
ALB,53.0,3.0,HARD,17.0,True
ALB,54.0,3.0,HARD,18.0,True
ALB,55.0,3.0,HARD,19.0,True
ALB,56.0,3.0,HARD,20.0,True
HUL,1.0,1.0,SOFT,1.0,True
HUL,2.0,2.0,HARD,1.0,True
HUL,3.0,2.0,HARD,2.0,True
HUL,4.0,2.0,HARD,3.0,True
HUL,5.0,2.0,HARD,4.0,True
HUL,6.0,2.0,HARD,5.0,True
HUL,7.0,2.0,HARD,6.0,True
HUL,8.0,2.0,HARD,7.0,True
HUL,9.0,2.0,HARD,8.0,True
HUL,10.0,2.0,HARD,9.0,True
HUL,11.0,2.0,HARD,10.0,True
HUL,12.0,2.0,HARD,11.0,True
HUL,13.0,2.0,HARD,12.0,True
HUL,14.0,2.0,HARD,13.0,True
HUL,15.0,2.0,HARD,14.0,True
HUL,16.0,2.0,HARD,15.0,True
HUL,17.0,2.0,HARD,16.0,True
HUL,18.0,2.0,HARD,17.0,True
HUL,19.0,2.0,HARD,18.0,True
HUL,20.0,2.0,HARD,19.0,True
HUL,21.0,3.0,HARD,1.0,True
HUL,22.0,3.0,HARD,2.0,True
HUL,23.0,3.0,HARD,3.0,True
HUL,24.0,3.0,HARD,4.0,True
HUL,25.0,3.0,HARD,5.0,True
HUL,26.0,3.0,HARD,6.0,True
HUL,27.0,3.0,HARD,7.0,True
HUL,28.0,3.0,HARD,8.0,True
HUL,29.0,3.0,HARD,9.0,True
HUL,30.0,3.0,HARD,10.0,True
HUL,31.0,3.0,HARD,11.0,True
HUL,32.0,3.0,HARD,12.0,True
HUL,33.0,3.0,HARD,13.0,True
HUL,34.0,3.0,HARD,14.0,True
HUL,35.0,3.0,HARD,15.0,True
HUL,36.0,3.0,HARD,16.0,True
HUL,37.0,3.0,HARD,17.0,True
HUL,38.0,3.0,HARD,18.0,True
HUL,39.0,3.0,HARD,19.0,True
HUL,40.0,3.0,HARD,20.0,True
HUL,41.0,3.0,HARD,21.0,True
HUL,42.0,4.0,SOFT,2.0,False
HUL,43.0,4.0,SOFT,3.0,False
HUL,44.0,4.0,SOFT,4.0,False
HUL,45.0,4.0,SOFT,5.0,False
HUL,46.0,4.0,SOFT,6.0,False
HUL,47.0,4.0,SOFT,7.0,False
HUL,48.0,4.0,SOFT,8.0,False
HUL,49.0,4.0,SOFT,9.0,False
HUL,50.0,4.0,SOFT,10.0,False
HUL,51.0,4.0,SOFT,11.0,False
HUL,52.0,4.0,SOFT,12.0,False
HUL,53.0,4.0,SOFT,13.0,False
HUL,54.0,4.0,SOFT,14.0,False
HUL,55.0,4.0,SOFT,15.0,False
HUL,56.0,4.0,SOFT,16.0,False
OCO,1.0,1.0,SOFT,1.0,True
OCO,2.0,1.0,SOFT,2.0,True
OCO,3.0,1.0,SOFT,3.0,True
OCO,4.0,1.0,SOFT,4.0,True
OCO,5.0,1.0,SOFT,5.0,True
OCO,6.0,1.0,SOFT,6.0,True
OCO,7.0,1.0,SOFT,7.0,True
OCO,8.0,1.0,SOFT,8.0,True
OCO,9.0,1.0,SOFT,9.0,True
OCO,10.0,1.0,SOFT,10.0,True
OCO,11.0,2.0,HARD,1.0,True
OCO,12.0,2.0,HARD,2.0,True
OCO,13.0,2.0,HARD,3.0,True
OCO,14.0,2.0,HARD,4.0,True
OCO,15.0,2.0,HARD,5.0,True
OCO,16.0,2.0,HARD,6.0,True
OCO,17.0,2.0,HARD,7.0,True
OCO,18.0,2.0,HARD,8.0,True
OCO,19.0,2.0,HARD,9.0,True
OCO,20.0,2.0,HARD,10.0,True
OCO,21.0,2.0,HARD,11.0,True
OCO,22.0,2.0,HARD,12.0,True
OCO,23.0,2.0,HARD,13.0,True
OCO,24.0,2.0,HARD,14.0,True
OCO,25.0,2.0,HARD,15.0,True
OCO,26.0,2.0,HARD,16.0,True
OCO,27.0,2.0,HARD,17.0,True
OCO,28.0,2.0,HARD,18.0,True
OCO,29.0,2.0,HARD,19.0,True
OCO,30.0,2.0,HARD,20.0,True
OCO,31.0,3.0,HARD,1.0,True
OCO,32.0,3.0,HARD,2.0,True
OCO,33.0,3.0,HARD,3.0,True
OCO,34.0,3.0,HARD,4.0,True
OCO,35.0,3.0,HARD,5.0,True
OCO,36.0,3.0,HARD,6.0,True
OCO,37.0,3.0,HARD,7.0,True
OCO,38.0,3.0,HARD,8.0,True
OCO,39.0,3.0,HARD,9.0,True
OCO,40.0,3.0,HARD,10.0,True
OCO,41.0,3.0,HARD,11.0,True
OCO,42.0,3.0,HARD,12.0,True
OCO,43.0,3.0,HARD,13.0,True
OCO,44.0,3.0,HARD,14.0,True
OCO,45.0,3.0,HARD,15.0,True
OCO,46.0,3.0,HARD,16.0,True
OCO,47.0,3.0,HARD,17.0,True
OCO,48.0,3.0,HARD,18.0,True
OCO,49.0,3.0,HARD,19.0,True
OCO,50.0,3.0,HARD,20.0,True
OCO,51.0,3.0,HARD,21.0,True
OCO,52.0,3.0,HARD,22.0,True
OCO,53.0,3.0,HARD,23.0,True
OCO,54.0,3.0,HARD,24.0,True
OCO,55.0,3.0,HARD,25.0,True
OCO,56.0,3.0,HARD,26.0,True
GAS,1.0,1.0,SOFT,1.0,True
GAS,2.0,1.0,SOFT,2.0,True
GAS,3.0,1.0,SOFT,3.0,True
GAS,4.0,1.0,SOFT,4.0,True
GAS,5.0,1.0,SOFT,5.0,True
GAS,6.0,1.0,SOFT,6.0,True
GAS,7.0,1.0,SOFT,7.0,True
GAS,8.0,1.0,SOFT,8.0,True
GAS,9.0,1.0,SOFT,9.0,True
GAS,10.0,1.0,SOFT,10.0,True
GAS,11.0,1.0,SOFT,11.0,True
GAS,12.0,1.0,SOFT,12.0,True
GAS,13.0,2.0,HARD,1.0,True
GAS,14.0,2.0,HARD,2.0,True
GAS,15.0,2.0,HARD,3.0,True
GAS,16.0,2.0,HARD,4.0,True
GAS,17.0,2.0,HARD,5.0,True
GAS,18.0,2.0,HARD,6.0,True
GAS,19.0,2.0,HARD,7.0,True
GAS,20.0,2.0,HARD,8.0,True
GAS,21.0,2.0,HARD,9.0,True
GAS,22.0,2.0,HARD,10.0,True
GAS,23.0,2.0,HARD,11.0,True
GAS,24.0,2.0,HARD,12.0,True
GAS,25.0,2.0,HARD,13.0,True
GAS,26.0,2.0,HARD,14.0,True
GAS,27.0,2.0,HARD,15.0,True
GAS,28.0,2.0,HARD,16.0,True
GAS,29.0,2.0,HARD,17.0,True
GAS,30.0,2.0,HARD,18.0,True
GAS,31.0,2.0,HARD,19.0,True
GAS,32.0,3.0,HARD,1.0,True
GAS,33.0,3.0,HARD,2.0,True
GAS,34.0,3.0,HARD,3.0,True
GAS,35.0,3.0,HARD,4.0,True
GAS,36.0,3.0,HARD,5.0,True
GAS,37.0,3.0,HARD,6.0,True
GAS,38.0,3.0,HARD,7.0,True
GAS,39.0,3.0,HARD,8.0,True
GAS,40.0,3.0,HARD,9.0,True
GAS,41.0,3.0,HARD,10.0,True
GAS,42.0,3.0,HARD,11.0,True
GAS,43.0,3.0,HARD,12.0,True
GAS,44.0,4.0,SOFT,1.0,True
GAS,45.0,4.0,SOFT,2.0,True
GAS,46.0,4.0,SOFT,3.0,True
GAS,47.0,4.0,SOFT,4.0,True
GAS,48.0,4.0,SOFT,5.0,True
GAS,49.0,4.0,SOFT,6.0,True
GAS,50.0,4.0,SOFT,7.0,True
GAS,51.0,4.0,SOFT,8.0,True
GAS,52.0,4.0,SOFT,9.0,True
GAS,53.0,4.0,SOFT,10.0,True
GAS,54.0,4.0,SOFT,11.0,True
GAS,55.0,4.0,SOFT,12.0,True
GAS,56.0,4.0,SOFT,13.0,True
BOT,1.0,1.0,SOFT,1.0,True
BOT,2.0,1.0,SOFT,2.0,True
BOT,3.0,1.0,SOFT,3.0,True
BOT,4.0,1.0,SOFT,4.0,True
BOT,5.0,1.0,SOFT,5.0,True
BOT,6.0,1.0,SOFT,6.0,True
BOT,7.0,1.0,SOFT,7.0,True
BOT,8.0,1.0,SOFT,8.0,True
BOT,9.0,1.0,SOFT,9.0,True
BOT,10.0,1.0,SOFT,10.0,True
BOT,11.0,1.0,SOFT,11.0,True
BOT,12.0,1.0,SOFT,12.0,True
BOT,13.0,2.0,HARD,1.0,True
BOT,14.0,2.0,HARD,2.0,True
BOT,15.0,2.0,HARD,3.0,True
BOT,16.0,2.0,HARD,4.0,True
BOT,17.0,2.0,HARD,5.0,True
BOT,18.0,2.0,HARD,6.0,True
BOT,19.0,2.0,HARD,7.0,True
BOT,20.0,2.0,HARD,8.0,True
BOT,21.0,2.0,HARD,9.0,True
BOT,22.0,2.0,HARD,10.0,True
BOT,23.0,2.0,HARD,11.0,True
BOT,24.0,2.0,HARD,12.0,True
BOT,25.0,2.0,HARD,13.0,True
BOT,26.0,2.0,HARD,14.0,True
BOT,27.0,2.0,HARD,15.0,True
BOT,28.0,2.0,HARD,16.0,True
BOT,29.0,2.0,HARD,17.0,True
BOT,30.0,2.0,HARD,18.0,True
BOT,31.0,3.0,HARD,1.0,True
BOT,32.0,3.0,HARD,2.0,True
BOT,33.0,3.0,HARD,3.0,True
BOT,34.0,3.0,HARD,4.0,True
BOT,35.0,3.0,HARD,5.0,True
BOT,36.0,3.0,HARD,6.0,True
BOT,37.0,3.0,HARD,7.0,True
BOT,38.0,3.0,HARD,8.0,True
BOT,39.0,3.0,HARD,9.0,True
BOT,40.0,3.0,HARD,10.0,True
BOT,41.0,3.0,HARD,11.0,True
BOT,42.0,3.0,HARD,12.0,True
BOT,43.0,3.0,HARD,13.0,True
BOT,44.0,3.0,HARD,14.0,True
BOT,45.0,3.0,HARD,15.0,True
BOT,46.0,3.0,HARD,16.0,True
BOT,47.0,3.0,HARD,17.0,True
BOT,48.0,3.0,HARD,18.0,True
BOT,49.0,3.0,HARD,19.0,True
BOT,50.0,3.0,HARD,20.0,True
BOT,51.0,3.0,HARD,21.0,True
BOT,52.0,3.0,HARD,22.0,True
BOT,53.0,3.0,HARD,23.0,True
BOT,54.0,3.0,HARD,24.0,True
BOT,55.0,3.0,HARD,25.0,True
BOT,56.0,3.0,HARD,26.0,True
SAR,1.0,1.0,SOFT,1.0,True
SAR,2.0,1.0,SOFT,2.0,True
SAR,3.0,1.0,SOFT,3.0,True
SAR,4.0,1.0,SOFT,4.0,True
SAR,5.0,1.0,SOFT,5.0,True
SAR,6.0,1.0,SOFT,6.0,True
SAR,7.0,1.0,SOFT,7.0,True
SAR,8.0,1.0,SOFT,8.0,True
SAR,9.0,1.0,SOFT,9.0,True
SAR,10.0,1.0,SOFT,10.0,True
SAR,11.0,2.0,HARD,1.0,True
SAR,12.0,2.0,HARD,2.0,True
SAR,13.0,2.0,HARD,3.0,True
SAR,14.0,2.0,HARD,4.0,True
SAR,15.0,2.0,HARD,5.0,True
SAR,16.0,2.0,HARD,6.0,True
SAR,17.0,2.0,HARD,7.0,True
SAR,18.0,2.0,HARD,8.0,True
SAR,19.0,2.0,HARD,9.0,True
SAR,20.0,2.0,HARD,10.0,True
SAR,21.0,2.0,HARD,11.0,True
SAR,22.0,2.0,HARD,12.0,True
SAR,23.0,2.0,HARD,13.0,True
SAR,24.0,2.0,HARD,14.0,True
SAR,25.0,2.0,HARD,15.0,True
SAR,26.0,2.0,HARD,16.0,True
SAR,27.0,2.0,HARD,17.0,True
SAR,28.0,2.0,HARD,18.0,True
SAR,29.0,3.0,HARD,1.0,True
SAR,30.0,3.0,HARD,2.0,True
SAR,31.0,3.0,HARD,3.0,True
SAR,32.0,3.0,HARD,4.0,True
SAR,33.0,3.0,HARD,5.0,True
SAR,34.0,3.0,HARD,6.0,True
SAR,35.0,3.0,HARD,7.0,True
SAR,36.0,3.0,HARD,8.0,True
SAR,37.0,3.0,HARD,9.0,True
SAR,38.0,3.0,HARD,10.0,True
SAR,39.0,3.0,HARD,11.0,True
SAR,40.0,3.0,HARD,12.0,True
SAR,41.0,4.0,SOFT,1.0,True
SAR,42.0,4.0,SOFT,2.0,True
SAR,43.0,4.0,SOFT,3.0,True
SAR,44.0,4.0,SOFT,4.0,True
SAR,45.0,4.0,SOFT,5.0,True
SAR,46.0,4.0,SOFT,6.0,True
SAR,47.0,4.0,SOFT,7.0,True
SAR,48.0,4.0,SOFT,8.0,True
SAR,49.0,4.0,SOFT,9.0,True
SAR,50.0,4.0,SOFT,10.0,True
SAR,51.0,4.0,SOFT,11.0,True
SAR,52.0,4.0,SOFT,12.0,True
SAR,53.0,4.0,SOFT,13.0,True
SAR,54.0,4.0,SOFT,14.0,True
SAR,55.0,4.0,SOFT,15.0,True
